Ag,C,S
Ag,Ce,S
Ag,Ir,S
Ag,Mn,S
Ag,Os,S
Ag,Re,S
Ag,Rh,S
Ag,Ru,S
Ag,Tc,S
Ag,V,S
Al,C,S
Al,Co,S
Al,Eu,S
Al,Fe,S
Al,Mn,S
Al,Ni,S
Al,Rh,S
Al,Ru,S
Al,Yb,S
As,C,S
As,Co,S
As,Cu,S
As,Eu,S
As,Fe,S
As,Mn,S
As,Ni,S
As,Rh,S
As,Ru,S
As,Yb,S
Au,C,S
Au,Ce,S
Au,Co,S
Au,Eu,S
Au,Fe,S
Au,Ir,S
Au,Mn,S
Au,Ni,S
Au,Os,S
Au,Re,S
Au,Rh,S
Au,Ru,S
Au,Tc,S
Au,V,S
Au,Yb,S
B,C,S
B,Co,S
B,Eu,S
B,Fe,S
B,Mn,S
B,Ni,S
B,Rh,S
B,Ru,S
B,Yb,S
Ba,Al,S
Ba,As,S
Ba,Au,S
Ba,B,S
Ba,Bi,S
Ba,C,S
Ba,Ce,S
Ba,Co,S
Ba,Cr,S
Ba,Dy,S
Ba,Er,S
Ba,Eu,S
Ba,Fe,S
Ba,Ga,S
Ba,Gd,S
Ba,Ho,S
Ba,In,S
Ba,Ir,S
Ba,La,S
Ba,Lu,S
Ba,Mn,S
Ba,Nd,S
Ba,Ni,S
Ba,Os,S
Ba,Pd,S
Ba,Pr,S
Ba,Pt,S
Ba,Re,S
Ba,Rh,S
Ba,Ru,S
Ba,Sb,S
Ba,Sc,S
Ba,Sm,S
Ba,Sn,S
Ba,Tb,S
Ba,Tc,S
Ba,Tl,S
Ba,Tm,S
Ba,V,S
Ba,Y,S
Ba,Yb,S
Be,Al,S
Be,As,S
Be,Au,S
Be,B,S
Be,Bi,S
Be,C,S
Be,Ce,S
Be,Co,S
Be,Cr,S
Be,Dy,S
Be,Er,S
Be,Eu,S
Be,Fe,S
Be,Ga,S
Be,Gd,S
Be,Ho,S
Be,In,S
Be,Ir,S
Be,La,S
Be,Lu,S
Be,Mn,S
Be,Nd,S
Be,Ni,S
Be,Os,S
Be,Pd,S
Be,Pr,S
Be,Pt,S
Be,Re,S
Be,Rh,S
Be,Ru,S
Be,Sb,S
Be,Sc,S
Be,Sm,S
Be,Sn,S
Be,Tb,S
Be,Tc,S
Be,Tl,S
Be,Tm,S
Be,V,S
Be,Y,S
Be,Yb,S
Bi,C,S
Bi,Co,S
Bi,Eu,S
Bi,Fe,S
Bi,Mn,S
Bi,Ni,S
Bi,Rh,S
Bi,Ru,S
Bi,Yb,S
C,Al,S
C,As,S
C,Au,S
C,B,S
C,Ba,S
C,Be,S
C,Bi,S
C,C,S
C,Ca,S
C,Cd,S
C,Ce,S
C,Co,S
C,Cr,S
C,Cu,S
C,Dy,S
C,Er,S
C,Eu,S
C,Fe,S
C,Ga,S
C,Gd,S
C,Hg,S
C,Ho,S
C,In,S
C,Ir,S
C,La,S
C,Lu,S
C,Mg,S
C,Mn,S
C,Nd,S
C,Ni,S
C,Os,S
C,Pb,S
C,Pd,S
C,Pr,S
C,Pt,S
C,Re,S
C,Rh,S
C,Ru,S
C,Sb,S
C,Sc,S
C,Sm,S
C,Sn,S
C,Sr,S
C,Tb,S
C,Tc,S
C,Tl,S
C,Tm,S
C,V,S
C,Y,S
C,Yb,S
C,Zn,S
Ca,Al,S
Ca,As,S
Ca,Au,S
Ca,B,S
Ca,Bi,S
Ca,C,S
Ca,Ce,S
Ca,Co,S
Ca,Cr,S
Ca,Dy,S
Ca,Er,S
Ca,Eu,S
Ca,Fe,S
Ca,Ga,S
Ca,Gd,S
Ca,Ho,S
Ca,In,S
Ca,Ir,S
Ca,La,S
Ca,Lu,S
Ca,Mn,S
Ca,Nd,S
Ca,Ni,S
Ca,Os,S
Ca,Pd,S
Ca,Pr,S
Ca,Pt,S
Ca,Re,S
Ca,Rh,S
Ca,Ru,S
Ca,Sb,S
Ca,Sc,S
Ca,Sm,S
Ca,Sn,S
Ca,Tb,S
Ca,Tc,S
Ca,Tl,S
Ca,Tm,S
Ca,V,S
Ca,Y,S
Ca,Yb,S
Cd,Al,S
Cd,As,S
Cd,Au,S
Cd,B,S
Cd,Bi,S
Cd,C,S
Cd,Ce,S
Cd,Co,S
Cd,Cr,S
Cd,Dy,S
Cd,Er,S
Cd,Eu,S
Cd,Fe,S
Cd,Ga,S
Cd,Gd,S
Cd,Ho,S
Cd,In,S
Cd,Ir,S
Cd,La,S
Cd,Lu,S
Cd,Mn,S
Cd,Nd,S
Cd,Ni,S
Cd,Os,S
Cd,Pd,S
Cd,Pr,S
Cd,Pt,S
Cd,Re,S
Cd,Rh,S
Cd,Ru,S
Cd,Sb,S
Cd,Sc,S
Cd,Sm,S
Cd,Sn,S
Cd,Tb,S
Cd,Tc,S
Cd,Tl,S
Cd,Tm,S
Cd,V,S
Cd,Y,S
Cd,Yb,S
Ce,Au,S
Ce,Ba,S
Ce,Be,S
Ce,C,S
Ce,Ca,S
Ce,Cd,S
Ce,Co,S
Ce,Cu,S
Ce,Eu,S
Ce,Fe,S
Ce,Hg,S
Ce,Mg,S
Ce,Mn,S
Ce,Ni,S
Ce,Os,S
Ce,Pb,S
Ce,Pd,S
Ce,Pt,S
Ce,Rh,S
Ce,Ru,S
Ce,Sn,S
Ce,Sr,S
Ce,Tl,S
Ce,Yb,S
Ce,Zn,S
Co,Al,S
Co,As,S
Co,Au,S
Co,B,S
Co,Bi,S
Co,C,S
Co,Ce,S
Co,Co,S
Co,Cr,S
Co,Dy,S
Co,Er,S
Co,Eu,S
Co,Fe,S
Co,Ga,S
Co,Gd,S
Co,Ho,S
Co,In,S
Co,Ir,S
Co,La,S
Co,Lu,S
Co,Mn,S
Co,Nd,S
Co,Ni,S
Co,Os,S
Co,Pd,S
Co,Pr,S
Co,Pt,S
Co,Re,S
Co,Rh,S
Co,Ru,S
Co,Sb,S
Co,Sc,S
Co,Sm,S
Co,Sn,S
Co,Tb,S
Co,Tc,S
Co,Tl,S
Co,Tm,S
Co,V,S
Co,Y,S
Co,Yb,S
Cr,Ag,S
Cr,Au,S
Cr,C,S
Cr,Co,S
Cr,Cs,S
Cr,Cu,S
Cr,Eu,S
Cr,Fe,S
Cr,H,S
Cr,K,S
Cr,Li,S
Cr,Mn,S
Cr,Na,S
Cr,Ni,S
Cr,Rb,S
Cr,Rh,S
Cr,Ru,S
Cr,Tl,S
Cr,Yb,S
Cs,C,S
Cs,Ce,S
Cs,Ir,S
Cs,Mn,S
Cs,Os,S
Cs,Re,S
Cs,Rh,S
Cs,Ru,S
Cs,Tc,S
Cs,V,S
Cu,Al,S
Cu,As,S
Cu,Au,S
Cu,B,S
Cu,Bi,S
Cu,C,S
Cu,Ce,S
Cu,Co,S
Cu,Cr,S
Cu,Dy,S
Cu,Er,S
Cu,Eu,S
Cu,Fe,S
Cu,Ga,S
Cu,Gd,S
Cu,Ho,S
Cu,In,S
Cu,Ir,S
Cu,La,S
Cu,Lu,S
Cu,Mn,S
Cu,Nd,S
Cu,Ni,S
Cu,Os,S
Cu,Pd,S
Cu,Pr,S
Cu,Pt,S
Cu,Re,S
Cu,Rh,S
Cu,Ru,S
Cu,Sb,S
Cu,Sc,S
Cu,Sm,S
Cu,Sn,S
Cu,Tb,S
Cu,Tc,S
Cu,Tl,S
Cu,Tm,S
Cu,V,S
Cu,Y,S
Cu,Yb,S
Dy,C,S
Dy,Co,S
Dy,Eu,S
Dy,Fe,S
Dy,Mn,S
Dy,Ni,S
Dy,Rh,S
Dy,Ru,S
Dy,Yb,S
Er,C,S
Er,Co,S
Er,Eu,S
Er,Fe,S
Er,Mn,S
Er,Ni,S
Er,Rh,S
Er,Ru,S
Er,Yb,S
Eu,Al,S
Eu,As,S
Eu,Au,S
Eu,B,S
Eu,Bi,S
Eu,C,S
Eu,Ce,S
Eu,Co,S
Eu,Cr,S
Eu,Dy,S
Eu,Er,S
Eu,Eu,S
Eu,Fe,S
Eu,Ga,S
Eu,Gd,S
Eu,Ho,S
Eu,In,S
Eu,Ir,S
Eu,La,S
Eu,Lu,S
Eu,Mn,S
Eu,Nd,S
Eu,Ni,S
Eu,Os,S
Eu,Pd,S
Eu,Pr,S
Eu,Pt,S
Eu,Re,S
Eu,Rh,S
Eu,Ru,S
Eu,Sb,S
Eu,Sc,S
Eu,Sm,S
Eu,Sn,S
Eu,Tb,S
Eu,Tc,S
Eu,Tl,S
Eu,Tm,S
Eu,V,S
Eu,Y,S
Eu,Yb,S
Fe,Al,S
Fe,As,S
Fe,Au,S
Fe,B,S
Fe,Bi,S
Fe,C,S
Fe,Ce,S
Fe,Co,S
Fe,Cr,S
Fe,Dy,S
Fe,Er,S
Fe,Eu,S
Fe,Fe,S
Fe,Ga,S
Fe,Gd,S
Fe,Ho,S
Fe,In,S
Fe,Ir,S
Fe,La,S
Fe,Lu,S
Fe,Mn,S
Fe,Nd,S
Fe,Ni,S
Fe,Os,S
Fe,Pd,S
Fe,Pr,S
Fe,Pt,S
Fe,Re,S
Fe,Rh,S
Fe,Ru,S
Fe,Sb,S
Fe,Sc,S
Fe,Sm,S
Fe,Sn,S
Fe,Tb,S
Fe,Tc,S
Fe,Tl,S
Fe,Tm,S
Fe,V,S
Fe,Y,S
Fe,Yb,S
Ga,C,S
Ga,Co,S
Ga,Eu,S
Ga,Fe,S
Ga,Mn,S
Ga,Ni,S
Ga,Rh,S
Ga,Ru,S
Ga,Yb,S
Gd,C,S
Gd,Co,S
Gd,Eu,S
Gd,Fe,S
Gd,Mn,S
Gd,Ni,S
Gd,Rh,S
Gd,Ru,S
Gd,Yb,S
Ge,Au,S
Ge,Ba,S
Ge,Be,S
Ge,C,S
Ge,Ca,S
Ge,Cd,S
Ge,Co,S
Ge,Cu,S
Ge,Eu,S
Ge,Fe,S
Ge,Hg,S
Ge,Mg,S
Ge,Mn,S
Ge,Ni,S
Ge,Os,S
Ge,Pb,S
Ge,Pd,S
Ge,Pt,S
Ge,Rh,S
Ge,Ru,S
Ge,Sn,S
Ge,Sr,S
Ge,Tl,S
Ge,Yb,S
Ge,Zn,S
H,C,S
H,Ce,S
H,Ir,S
H,Mn,S
H,Os,S
H,Re,S
H,Rh,S
H,Ru,S
H,Tc,S
H,V,S
Hf,Au,S
Hf,Ba,S
Hf,Be,S
Hf,C,S
Hf,Ca,S
Hf,Cd,S
Hf,Co,S
Hf,Cu,S
Hf,Eu,S
Hf,Fe,S
Hf,Hg,S
Hf,Mg,S
Hf,Mn,S
Hf,Ni,S
Hf,Os,S
Hf,Pb,S
Hf,Pd,S
Hf,Pt,S
Hf,Rh,S
Hf,Ru,S
Hf,Sn,S
Hf,Sr,S
Hf,Tl,S
Hf,Yb,S
Hf,Zn,S
Hg,Al,S
Hg,As,S
Hg,Au,S
Hg,B,S
Hg,Bi,S
Hg,C,S
Hg,Ce,S
Hg,Co,S
Hg,Cr,S
Hg,Dy,S
Hg,Er,S
Hg,Eu,S
Hg,Fe,S
Hg,Ga,S
Hg,Gd,S
Hg,Ho,S
Hg,In,S
Hg,Ir,S
Hg,La,S
Hg,Lu,S
Hg,Mn,S
Hg,Nd,S
Hg,Ni,S
Hg,Os,S
Hg,Pd,S
Hg,Pr,S
Hg,Pt,S
Hg,Re,S
Hg,Rh,S
Hg,Ru,S
Hg,Sb,S
Hg,Sc,S
Hg,Sm,S
Hg,Sn,S
Hg,Tb,S
Hg,Tc,S
Hg,Tl,S
Hg,Tm,S
Hg,V,S
Hg,Y,S
Hg,Yb,S
Ho,C,S
Ho,Co,S
Ho,Eu,S
Ho,Fe,S
Ho,Mn,S
Ho,Ni,S
Ho,Rh,S
Ho,Ru,S
Ho,Yb,S
In,C,S
In,Co,S
In,Eu,S
In,Fe,S
In,Mn,S
In,Ni,S
In,Rh,S
In,Ru,S
In,Yb,S
Ir,Au,S
Ir,Ba,S
Ir,Be,S
Ir,C,S
Ir,Ca,S
Ir,Cd,S
Ir,Co,S
Ir,Cu,S
Ir,Eu,S
Ir,Fe,S
Ir,Hg,S
Ir,Mg,S
Ir,Mn,S
Ir,Ni,S
Ir,Os,S
Ir,Pb,S
Ir,Pd,S
Ir,Pt,S
Ir,Rh,S
Ir,Ru,S
Ir,Sn,S
Ir,Sr,S
Ir,Tl,S
Ir,Yb,S
Ir,Zn,S
K,C,S
K,Ce,S
K,Ir,S
K,Mn,S
K,Os,S
K,Re,S
K,Rh,S
K,Ru,S
K,Tc,S
K,V,S
La,C,S
La,Co,S
La,Eu,S
La,Fe,S
La,Mn,S
La,Ni,S
La,Rh,S
La,Ru,S
La,Yb,S
Li,C,S
Li,Ce,S
Li,Ir,S
Li,Mn,S
Li,Os,S
Li,Re,S
Li,Rh,S
Li,Ru,S
Li,Tc,S
Li,V,S
Lu,C,S
Lu,Co,S
Lu,Eu,S
Lu,Fe,S
Lu,Mn,S
Lu,Ni,S
Lu,Rh,S
Lu,Ru,S
Lu,Yb,S
Mg,Al,S
Mg,As,S
Mg,Au,S
Mg,B,S
Mg,Bi,S
Mg,C,S
Mg,Ce,S
Mg,Co,S
Mg,Cr,S
Mg,Dy,S
Mg,Er,S
Mg,Eu,S
Mg,Fe,S
Mg,Ga,S
Mg,Gd,S
Mg,Ho,S
Mg,In,S
Mg,Ir,S
Mg,La,S
Mg,Lu,S
Mg,Mn,S
Mg,Nd,S
Mg,Ni,S
Mg,Os,S
Mg,Pd,S
Mg,Pr,S
Mg,Pt,S
Mg,Re,S
Mg,Rh,S
Mg,Ru,S
Mg,Sb,S
Mg,Sc,S
Mg,Sm,S
Mg,Sn,S
Mg,Tb,S
Mg,Tc,S
Mg,Tl,S
Mg,Tm,S
Mg,V,S
Mg,Y,S
Mg,Yb,S
Mn,Al,S
Mn,As,S
Mn,Au,S
Mn,B,S
Mn,Ba,S
Mn,Be,S
Mn,Bi,S
Mn,C,S
Mn,Ca,S
Mn,Cd,S
Mn,Ce,S
Mn,Co,S
Mn,Cr,S
Mn,Cu,S
Mn,Dy,S
Mn,Er,S
Mn,Eu,S
Mn,Fe,S
Mn,Ga,S
Mn,Gd,S
Mn,Hg,S
Mn,Ho,S
Mn,In,S
Mn,Ir,S
Mn,La,S
Mn,Lu,S
Mn,Mg,S
Mn,Mn,S
Mn,Nd,S
Mn,Ni,S
Mn,Os,S
Mn,Pb,S
Mn,Pd,S
Mn,Pr,S
Mn,Pt,S
Mn,Re,S
Mn,Rh,S
Mn,Ru,S
Mn,Sb,S
Mn,Sc,S
Mn,Sm,S
Mn,Sn,S
Mn,Sr,S
Mn,Tb,S
Mn,Tc,S
Mn,Tl,S
Mn,Tm,S
Mn,V,S
Mn,Y,S
Mn,Yb,S
Mn,Zn,S
Mo,Ag,S
Mo,Au,S
Mo,Cs,S
Mo,Cu,S
Mo,H,S
Mo,K,S
Mo,Li,S
Mo,Na,S
Mo,Rb,S
Mo,Tl,S
Na,C,S
Na,Ce,S
Na,Ir,S
Na,Mn,S
Na,Os,S
Na,Re,S
Na,Rh,S
Na,Ru,S
Na,Tc,S
Na,V,S
Nb,Cu,S
Nd,C,S
Nd,Co,S
Nd,Eu,S
Nd,Fe,S
Nd,Mn,S
Nd,Ni,S
Nd,Rh,S
Nd,Ru,S
Nd,Yb,S
Ni,Al,S
Ni,As,S
Ni,Au,S
Ni,B,S
Ni,Bi,S
Ni,C,S
Ni,Ce,S
Ni,Co,S
Ni,Cr,S
Ni,Dy,S
Ni,Er,S
Ni,Eu,S
Ni,Fe,S
Ni,Ga,S
Ni,Gd,S
Ni,Ho,S
Ni,In,S
Ni,Ir,S
Ni,La,S
Ni,Lu,S
Ni,Mn,S
Ni,Nd,S
Ni,Ni,S
Ni,Os,S
Ni,Pd,S
Ni,Pr,S
Ni,Pt,S
Ni,Re,S
Ni,Rh,S
Ni,Ru,S
Ni,Sb,S
Ni,Sc,S
Ni,Sm,S
Ni,Sn,S
Ni,Tb,S
Ni,Tc,S
Ni,Tl,S
Ni,Tm,S
Ni,V,S
Ni,Y,S
Ni,Yb,S
Os,Ag,S
Os,Al,S
Os,As,S
Os,Au,S
Os,B,S
Os,Ba,S
Os,Be,S
Os,Bi,S
Os,C,S
Os,Ca,S
Os,Cd,S
Os,Ce,S
Os,Co,S
Os,Cr,S
Os,Cs,S
Os,Cu,S
Os,Dy,S
Os,Er,S
Os,Eu,S
Os,Fe,S
Os,Ga,S
Os,Gd,S
Os,H,S
Os,Hg,S
Os,Ho,S
Os,In,S
Os,Ir,S
Os,K,S
Os,La,S
Os,Li,S
Os,Lu,S
Os,Mg,S
Os,Mn,S
Os,Na,S
Os,Nd,S
Os,Ni,S
Os,Os,S
Os,Pb,S
Os,Pd,S
Os,Pr,S
Os,Pt,S
Os,Rb,S
Os,Re,S
Os,Rh,S
Os,Ru,S
Os,Sb,S
Os,Sc,S
Os,Sm,S
Os,Sn,S
Os,Sr,S
Os,Tb,S
Os,Tc,S
Os,Tl,S
Os,Tm,S
Os,V,S
Os,Y,S
Os,Yb,S
Os,Zn,S
P,Cu,S
Pb,Al,S
Pb,As,S
Pb,Au,S
Pb,B,S
Pb,Bi,S
Pb,C,S
Pb,Ce,S
Pb,Co,S
Pb,Cr,S
Pb,Dy,S
Pb,Er,S
Pb,Eu,S
Pb,Fe,S
Pb,Ga,S
Pb,Gd,S
Pb,Ho,S
Pb,In,S
Pb,Ir,S
Pb,La,S
Pb,Lu,S
Pb,Mn,S
Pb,Nd,S
Pb,Ni,S
Pb,Os,S
Pb,Pd,S
Pb,Pr,S
Pb,Pt,S
Pb,Re,S
Pb,Rh,S
Pb,Ru,S
Pb,Sb,S
Pb,Sc,S
Pb,Sm,S
Pb,Sn,S
Pb,Tb,S
Pb,Tc,S
Pb,Tl,S
Pb,Tm,S
Pb,V,S
Pb,Y,S
Pb,Yb,S
Pd,Al,S
Pd,As,S
Pd,Au,S
Pd,B,S
Pd,Ba,S
Pd,Be,S
Pd,Bi,S
Pd,C,S
Pd,Ca,S
Pd,Cd,S
Pd,Ce,S
Pd,Co,S
Pd,Cr,S
Pd,Cu,S
Pd,Dy,S
Pd,Er,S
Pd,Eu,S
Pd,Fe,S
Pd,Ga,S
Pd,Gd,S
Pd,Hg,S
Pd,Ho,S
Pd,In,S
Pd,Ir,S
Pd,La,S
Pd,Lu,S
Pd,Mg,S
Pd,Mn,S
Pd,Nd,S
Pd,Ni,S
Pd,Os,S
Pd,Pb,S
Pd,Pd,S
Pd,Pr,S
Pd,Pt,S
Pd,Re,S
Pd,Rh,S
Pd,Ru,S
Pd,Sb,S
Pd,Sc,S
Pd,Sm,S
Pd,Sn,S
Pd,Sr,S
Pd,Tb,S
Pd,Tc,S
Pd,Tl,S
Pd,Tm,S
Pd,V,S
Pd,Y,S
Pd,Yb,S
Pd,Zn,S
Pr,C,S
Pr,Co,S
Pr,Eu,S
Pr,Fe,S
Pr,Mn,S
Pr,Ni,S
Pr,Rh,S
Pr,Ru,S
Pr,Yb,S
Pt,Al,S
Pt,As,S
Pt,Au,S
Pt,B,S
Pt,Ba,S
Pt,Be,S
Pt,Bi,S
Pt,C,S
Pt,Ca,S
Pt,Cd,S
Pt,Ce,S
Pt,Co,S
Pt,Cr,S
Pt,Cu,S
Pt,Dy,S
Pt,Er,S
Pt,Eu,S
Pt,Fe,S
Pt,Ga,S
Pt,Gd,S
Pt,Hg,S
Pt,Ho,S
Pt,In,S
Pt,Ir,S
Pt,La,S
Pt,Lu,S
Pt,Mg,S
Pt,Mn,S
Pt,Nd,S
Pt,Ni,S
Pt,Os,S
Pt,Pb,S
Pt,Pd,S
Pt,Pr,S
Pt,Pt,S
Pt,Re,S
Pt,Rh,S
Pt,Ru,S
Pt,Sb,S
Pt,Sc,S
Pt,Sm,S
Pt,Sn,S
Pt,Sr,S
Pt,Tb,S
Pt,Tc,S
Pt,Tl,S
Pt,Tm,S
Pt,V,S
Pt,Y,S
Pt,Yb,S
Pt,Zn,S
Rb,C,S
Rb,Ce,S
Rb,Ir,S
Rb,Mn,S
Rb,Os,S
Rb,Re,S
Rb,Rh,S
Rb,Ru,S
Rb,Tc,S
Rb,V,S
Re,Ag,S
Re,Au,S
Re,Ba,S
Re,Be,S
Re,C,S
Re,Ca,S
Re,Cd,S
Re,Co,S
Re,Cs,S
Re,Cu,S
Re,Eu,S
Re,Fe,S
Re,H,S
Re,Hg,S
Re,K,S
Re,Li,S
Re,Mg,S
Re,Mn,S
Re,Na,S
Re,Ni,S
Re,Os,S
Re,Pb,S
Re,Pd,S
Re,Pt,S
Re,Rb,S
Re,Rh,S
Re,Ru,S
Re,Sn,S
Re,Sr,S
Re,Tl,S
Re,Yb,S
Re,Zn,S
Rh,Al,S
Rh,As,S
Rh,Au,S
Rh,B,S
Rh,Ba,S
Rh,Be,S
Rh,Bi,S
Rh,C,S
Rh,Ca,S
Rh,Cd,S
Rh,Ce,S
Rh,Co,S
Rh,Cr,S
Rh,Cu,S
Rh,Dy,S
Rh,Er,S
Rh,Eu,S
Rh,Fe,S
Rh,Ga,S
Rh,Gd,S
Rh,Hg,S
Rh,Ho,S
Rh,In,S
Rh,Ir,S
Rh,La,S
Rh,Lu,S
Rh,Mg,S
Rh,Mn,S
Rh,Nd,S
Rh,Ni,S
Rh,Os,S
Rh,Pb,S
Rh,Pd,S
Rh,Pr,S
Rh,Pt,S
Rh,Re,S
Rh,Rh,S
Rh,Ru,S
Rh,Sb,S
Rh,Sc,S
Rh,Sm,S
Rh,Sn,S
Rh,Sr,S
Rh,Tb,S
Rh,Tc,S
Rh,Tl,S
Rh,Tm,S
Rh,V,S
Rh,Y,S
Rh,Yb,S
Rh,Zn,S
Ru,Al,S
Ru,As,S
Ru,Au,S
Ru,B,S
Ru,Ba,S
Ru,Be,S
Ru,Bi,S
Ru,C,S
Ru,Ca,S
Ru,Cd,S
Ru,Ce,S
Ru,Co,S
Ru,Cr,S
Ru,Cu,S
Ru,Dy,S
Ru,Er,S
Ru,Eu,S
Ru,Fe,S
Ru,Ga,S
Ru,Gd,S
Ru,Hg,S
Ru,Ho,S
Ru,In,S
Ru,Ir,S
Ru,La,S
Ru,Lu,S
Ru,Mg,S
Ru,Mn,S
Ru,Nd,S
Ru,Ni,S
Ru,Os,S
Ru,Pb,S
Ru,Pd,S
Ru,Pr,S
Ru,Pt,S
Ru,Re,S
Ru,Rh,S
Ru,Ru,S
Ru,Sb,S
Ru,Sc,S
Ru,Sm,S
Ru,Sn,S
Ru,Sr,S
Ru,Tb,S
Ru,Tc,S
Ru,Tl,S
Ru,Tm,S
Ru,V,S
Ru,Y,S
Ru,Yb,S
Ru,Zn,S
Sb,C,S
Sb,Co,S
Sb,Cu,S
Sb,Eu,S
Sb,Fe,S
Sb,Mn,S
Sb,Ni,S
Sb,Rh,S
Sb,Ru,S
Sb,Yb,S
Sc,C,S
Sc,Co,S
Sc,Eu,S
Sc,Fe,S
Sc,Mn,S
Sc,Ni,S
Sc,Rh,S
Sc,Ru,S
Sc,Yb,S
Se,Au,S
Se,Ba,S
Se,Be,S
Se,C,S
Se,Ca,S
Se,Cd,S
Se,Co,S
Se,Cu,S
Se,Eu,S
Se,Fe,S
Se,Hg,S
Se,Mg,S
Se,Mn,S
Se,Ni,S
Se,Os,S
Se,Pb,S
Se,Pd,S
Se,Pt,S
Se,Rh,S
Se,Ru,S
Se,Sn,S
Se,Sr,S
Se,Tl,S
Se,Yb,S
Se,Zn,S
Si,Au,S
Si,Ba,S
Si,Be,S
Si,C,S
Si,Ca,S
Si,Cd,S
Si,Co,S
Si,Cu,S
Si,Eu,S
Si,Fe,S
Si,Hg,S
Si,Mg,S
Si,Mn,S
Si,Ni,S
Si,Os,S
Si,Pb,S
Si,Pd,S
Si,Pt,S
Si,Rh,S
Si,Ru,S
Si,Sn,S
Si,Sr,S
Si,Tl,S
Si,Yb,S
Si,Zn,S
Sm,C,S
Sm,Co,S
Sm,Eu,S
Sm,Fe,S
Sm,Mn,S
Sm,Ni,S
Sm,Rh,S
Sm,Ru,S
Sm,Yb,S
Sn,Al,S
Sn,As,S
Sn,Au,S
Sn,B,S
Sn,Ba,S
Sn,Be,S
Sn,Bi,S
Sn,C,S
Sn,Ca,S
Sn,Cd,S
Sn,Ce,S
Sn,Co,S
Sn,Cr,S
Sn,Cu,S
Sn,Dy,S
Sn,Er,S
Sn,Eu,S
Sn,Fe,S
Sn,Ga,S
Sn,Gd,S
Sn,Hg,S
Sn,Ho,S
Sn,In,S
Sn,Ir,S
Sn,La,S
Sn,Lu,S
Sn,Mg,S
Sn,Mn,S
Sn,Nd,S
Sn,Ni,S
Sn,Os,S
Sn,Pb,S
Sn,Pd,S
Sn,Pr,S
Sn,Pt,S
Sn,Re,S
Sn,Rh,S
Sn,Ru,S
Sn,Sb,S
Sn,Sc,S
Sn,Sm,S
Sn,Sn,S
Sn,Sr,S
Sn,Tb,S
Sn,Tc,S
Sn,Tl,S
Sn,Tm,S
Sn,V,S
Sn,Y,S
Sn,Yb,S
Sn,Zn,S
Sr,Al,S
Sr,As,S
Sr,Au,S
Sr,B,S
Sr,Bi,S
Sr,C,S
Sr,Ce,S
Sr,Co,S
Sr,Cr,S
Sr,Dy,S
Sr,Er,S
Sr,Eu,S
Sr,Fe,S
Sr,Ga,S
Sr,Gd,S
Sr,Ho,S
Sr,In,S
Sr,Ir,S
Sr,La,S
Sr,Lu,S
Sr,Mn,S
Sr,Nd,S
Sr,Ni,S
Sr,Os,S
Sr,Pd,S
Sr,Pr,S
Sr,Pt,S
Sr,Re,S
Sr,Rh,S
Sr,Ru,S
Sr,Sb,S
Sr,Sc,S
Sr,Sm,S
Sr,Sn,S
Sr,Tb,S
Sr,Tc,S
Sr,Tl,S
Sr,Tm,S
Sr,V,S
Sr,Y,S
Sr,Yb,S
Ta,Cu,S
Tb,C,S
Tb,Co,S
Tb,Eu,S
Tb,Fe,S
Tb,Mn,S
Tb,Ni,S
Tb,Rh,S
Tb,Ru,S
Tb,Yb,S
Tc,Au,S
Tc,Ba,S
Tc,Be,S
Tc,C,S
Tc,Ca,S
Tc,Cd,S
Tc,Co,S
Tc,Cu,S
Tc,Eu,S
Tc,Fe,S
Tc,Hg,S
Tc,Mg,S
Tc,Mn,S
Tc,Ni,S
Tc,Os,S
Tc,Pb,S
Tc,Pd,S
Tc,Pt,S
Tc,Rh,S
Tc,Ru,S
Tc,Sn,S
Tc,Sr,S
Tc,Tl,S
Tc,Yb,S
Tc,Zn,S
Te,Ag,S
Te,Au,S
Te,Ba,S
Te,Be,S
Te,C,S
Te,Ca,S
Te,Cd,S
Te,Co,S
Te,Cs,S
Te,Cu,S
Te,Eu,S
Te,Fe,S
Te,H,S
Te,Hg,S
Te,K,S
Te,Li,S
Te,Mg,S
Te,Mn,S
Te,Na,S
Te,Ni,S
Te,Os,S
Te,Pb,S
Te,Pd,S
Te,Pt,S
Te,Rb,S
Te,Rh,S
Te,Ru,S
Te,Sn,S
Te,Sr,S
Te,Tl,S
Te,Yb,S
Te,Zn,S
Ti,Au,S
Ti,Ba,S
Ti,Be,S
Ti,C,S
Ti,Ca,S
Ti,Cd,S
Ti,Co,S
Ti,Cu,S
Ti,Eu,S
Ti,Fe,S
Ti,Hg,S
Ti,Mg,S
Ti,Mn,S
Ti,Ni,S
Ti,Os,S
Ti,Pb,S
Ti,Pd,S
Ti,Pt,S
Ti,Rh,S
Ti,Ru,S
Ti,Sn,S
Ti,Sr,S
Ti,Tl,S
Ti,Yb,S
Ti,Zn,S
Tl,C,S
Tl,Ce,S
Tl,Co,S
Tl,Eu,S
Tl,Fe,S
Tl,Ir,S
Tl,Mn,S
Tl,Ni,S
Tl,Os,S
Tl,Re,S
Tl,Rh,S
Tl,Ru,S
Tl,Tc,S
Tl,V,S
Tl,Yb,S
Tm,C,S
Tm,Co,S
Tm,Eu,S
Tm,Fe,S
Tm,Mn,S
Tm,Ni,S
Tm,Rh,S
Tm,Ru,S
Tm,Yb,S
V,Au,S
V,Ba,S
V,Be,S
V,C,S
V,Ca,S
V,Cd,S
V,Co,S
V,Cu,S
V,Eu,S
V,Fe,S
V,Hg,S
V,Mg,S
V,Mn,S
V,Ni,S
V,Os,S
V,Pb,S
V,Pd,S
V,Pt,S
V,Rh,S
V,Ru,S
V,Sn,S
V,Sr,S
V,Tl,S
V,Yb,S
V,Zn,S
W,Ag,S
W,Au,S
W,Cs,S
W,Cu,S
W,H,S
W,K,S
W,Li,S
W,Na,S
W,Rb,S
W,Tl,S
Y,C,S
Y,Co,S
Y,Eu,S
Y,Fe,S
Y,Mn,S
Y,Ni,S
Y,Rh,S
Y,Ru,S
Y,Yb,S
Yb,Al,S
Yb,As,S
Yb,Au,S
Yb,B,S
Yb,Bi,S
Yb,C,S
Yb,Ce,S
Yb,Co,S
Yb,Cr,S
Yb,Dy,S
Yb,Er,S
Yb,Eu,S
Yb,Fe,S
Yb,Ga,S
Yb,Gd,S
Yb,Ho,S
Yb,In,S
Yb,Ir,S
Yb,La,S
Yb,Lu,S
Yb,Mn,S
Yb,Nd,S
Yb,Ni,S
Yb,Os,S
Yb,Pd,S
Yb,Pr,S
Yb,Pt,S
Yb,Re,S
Yb,Rh,S
Yb,Ru,S
Yb,Sb,S
Yb,Sc,S
Yb,Sm,S
Yb,Sn,S
Yb,Tb,S
Yb,Tc,S
Yb,Tl,S
Yb,Tm,S
Yb,V,S
Yb,Y,S
Yb,Yb,S
Zn,Al,S
Zn,As,S
Zn,Au,S
Zn,B,S
Zn,Bi,S
Zn,C,S
Zn,Ce,S
Zn,Co,S
Zn,Cr,S
Zn,Dy,S
Zn,Er,S
Zn,Eu,S
Zn,Fe,S
Zn,Ga,S
Zn,Gd,S
Zn,Ho,S
Zn,In,S
Zn,Ir,S
Zn,La,S
Zn,Lu,S
Zn,Mn,S
Zn,Nd,S
Zn,Ni,S
Zn,Os,S
Zn,Pd,S
Zn,Pr,S
Zn,Pt,S
Zn,Re,S
Zn,Rh,S
Zn,Ru,S
Zn,Sb,S
Zn,Sc,S
Zn,Sm,S
Zn,Sn,S
Zn,Tb,S
Zn,Tc,S
Zn,Tl,S
Zn,Tm,S
Zn,V,S
Zn,Y,S
Zn,Yb,S
Zr,Au,S
Zr,Ba,S
Zr,Be,S
Zr,C,S
Zr,Ca,S
Zr,Cd,S
Zr,Co,S
Zr,Cu,S
Zr,Eu,S
Zr,Fe,S
Zr,Hg,S
Zr,Mg,S
Zr,Mn,S
Zr,Ni,S
Zr,Os,S
Zr,Pb,S
Zr,Pd,S
Zr,Pt,S
Zr,Rh,S
Zr,Ru,S
Zr,Sn,S
Zr,Sr,S
Zr,Tl,S
Zr,Yb,S
Zr,Zn,S
