Ag,Ag,O
Ag,Al,O
Ag,As,O
Ag,Au,O
Ag,B,O
Ag,Bi,O
Ag,Br,O
Ag,C,O
Ag,Ce,O
Ag,Cl,O
Ag,Co,O
Ag,Cr,O
Ag,Cu,O
Ag,Dy,O
Ag,Er,O
Ag,Eu,O
Ag,Fe,O
Ag,Ga,O
Ag,Gd,O
Ag,Ge,O
Ag,Hf,O
Ag,Ho,O
Ag,I,O
Ag,In,O
Ag,Ir,O
Ag,La,O
Ag,Lu,O
Ag,Mn,O
Ag,Mo,O
Ag,N,O
Ag,Nb,O
Ag,Nd,O
Ag,Ni,O
Ag,Os,O
Ag,P,O
Ag,Pb,O
Ag,Pd,O
Ag,Pr,O
Ag,Pt,O
Ag,Re,O
Ag,Rh,O
Ag,Ru,O
Ag,S,O
Ag,Sb,O
Ag,Sc,O
Ag,Se,O
Ag,Si,O
Ag,Sm,O
Ag,Sn,O
Ag,Sr,O
Ag,Ta,O
Ag,Tb,O
Ag,Tc,O
Ag,Te,O
Ag,Ti,O
Ag,Tl,O
Ag,Tm,O
Ag,V,O
Ag,W,O
Ag,Y,O
Ag,Yb,O
Ag,Zn,O
Ag,Zr,O
Al,Ag,O
Al,As,O
Al,Au,O
Al,B,O
Al,Bi,O
Al,C,O
Al,Ce,O
Al,Cl,O
Al,Co,O
Al,Cr,O
Al,Cu,O
Al,Dy,O
Al,Er,O
Al,Eu,O
Al,Fe,O
Al,Ga,O
Al,Gd,O
Al,Ge,O
Al,Hf,O
Al,Ho,O
Al,In,O
Al,Ir,O
Al,La,O
Al,Lu,O
Al,Mn,O
Al,Mo,O
Al,N,O
Al,Nb,O
Al,Nd,O
Al,Ni,O
Al,Os,O
Al,P,O
Al,Pb,O
Al,Pd,O
Al,Pr,O
Al,Pt,O
Al,Re,O
Al,Rh,O
Al,Ru,O
Al,S,O
Al,Sb,O
Al,Sc,O
Al,Se,O
Al,Si,O
Al,Sm,O
Al,Sn,O
Al,Ta,O
Al,Tb,O
Al,Tc,O
Al,Te,O
Al,Ti,O
Al,Tl,O
Al,Tm,O
Al,V,O
Al,W,O
Al,Y,O
Al,Yb,O
Al,Zn,O
Al,Zr,O
As,Ag,O
As,Al,O
As,As,O
As,Au,O
As,B,O
As,Ba,O
As,Be,O
As,Bi,O
As,Br,O
As,C,O
As,Ca,O
As,Cd,O
As,Ce,O
As,Cl,O
As,Co,O
As,Cr,O
As,Cu,O
As,Dy,O
As,Er,O
As,Eu,O
As,Fe,O
As,Ga,O
As,Gd,O
As,Ge,O
As,Hf,O
As,Hg,O
As,Ho,O
As,I,O
As,In,O
As,Ir,O
As,La,O
As,Lu,O
As,Mg,O
As,Mn,O
As,Mo,O
As,N,O
As,Nb,O
As,Nd,O
As,Ni,O
As,Os,O
As,P,O
As,Pb,O
As,Pd,O
As,Pr,O
As,Pt,O
As,Re,O
As,Rh,O
As,Ru,O
As,S,O
As,Sb,O
As,Sc,O
As,Se,O
As,Si,O
As,Sm,O
As,Sn,O
As,Sr,O
As,Ta,O
As,Tb,O
As,Tc,O
As,Te,O
As,Ti,O
As,Tl,O
As,Tm,O
As,V,O
As,W,O
As,Y,O
As,Yb,O
As,Zn,O
As,Zr,O
Au,Ag,O
Au,Al,O
Au,As,O
Au,Au,O
Au,B,O
Au,Bi,O
Au,Br,O
Au,C,O
Au,Ca,O
Au,Cd,O
Au,Ce,O
Au,Cl,O
Au,Co,O
Au,Cr,O
Au,Cu,O
Au,Dy,O
Au,Er,O
Au,Eu,O
Au,Fe,O
Au,Ga,O
Au,Gd,O
Au,Ge,O
Au,Hf,O
Au,Hg,O
Au,Ho,O
Au,I,O
Au,In,O
Au,Ir,O
Au,La,O
Au,Lu,O
Au,Mn,O
Au,Mo,O
Au,N,O
Au,Nb,O
Au,Nd,O
Au,Ni,O
Au,Os,O
Au,P,O
Au,Pb,O
Au,Pd,O
Au,Pr,O
Au,Pt,O
Au,Re,O
Au,Rh,O
Au,Ru,O
Au,S,O
Au,Sb,O
Au,Sc,O
Au,Se,O
Au,Si,O
Au,Sm,O
Au,Sn,O
Au,Sr,O
Au,Ta,O
Au,Tb,O
Au,Tc,O
Au,Te,O
Au,Ti,O
Au,Tl,O
Au,Tm,O
Au,V,O
Au,W,O
Au,Y,O
Au,Yb,O
Au,Zn,O
Au,Zr,O
B,Ag,O
B,Al,O
B,As,O
B,Au,O
B,B,O
B,Bi,O
B,Br,O
B,C,O
B,Ce,O
B,Cl,O
B,Co,O
B,Cr,O
B,Cu,O
B,Dy,O
B,Er,O
B,Eu,O
B,Fe,O
B,Ga,O
B,Gd,O
B,Ge,O
B,Hf,O
B,Ho,O
B,I,O
B,In,O
B,Ir,O
B,La,O
B,Lu,O
B,Mn,O
B,Mo,O
B,N,O
B,Nb,O
B,Nd,O
B,Ni,O
B,Os,O
B,P,O
B,Pb,O
B,Pd,O
B,Pr,O
B,Pt,O
B,Re,O
B,Rh,O
B,Ru,O
B,S,O
B,Sb,O
B,Sc,O
B,Se,O
B,Si,O
B,Sm,O
B,Sn,O
B,Sr,O
B,Ta,O
B,Tb,O
B,Tc,O
B,Te,O
B,Ti,O
B,Tl,O
B,Tm,O
B,V,O
B,W,O
B,Y,O
B,Yb,O
B,Zn,O
B,Zr,O
Ba,Ag,O
Ba,Al,O
Ba,As,O
Ba,Au,O
Ba,B,O
Ba,Bi,O
Ba,Br,O
Ba,C,O
Ba,Ce,O
Ba,Cl,O
Ba,Co,O
Ba,Cr,O
Ba,Cu,O
Ba,Dy,O
Ba,Er,O
Ba,Eu,O
Ba,Fe,O
Ba,Ga,O
Ba,Gd,O
Ba,Ge,O
Ba,Hf,O
Ba,Ho,O
Ba,I,O
Ba,In,O
Ba,Ir,O
Ba,La,O
Ba,Lu,O
Ba,Mn,O
Ba,Mo,O
Ba,N,O
Ba,Nb,O
Ba,Nd,O
Ba,Ni,O
Ba,Os,O
Ba,P,O
Ba,Pb,O
Ba,Pd,O
Ba,Pr,O
Ba,Pt,O
Ba,Re,O
Ba,Rh,O
Ba,Ru,O
Ba,S,O
Ba,Sb,O
Ba,Sc,O
Ba,Se,O
Ba,Si,O
Ba,Sm,O
Ba,Sn,O
Ba,Sr,O
Ba,Ta,O
Ba,Tb,O
Ba,Tc,O
Ba,Te,O
Ba,Ti,O
Ba,Tl,O
Ba,Tm,O
Ba,V,O
Ba,W,O
Ba,Y,O
Ba,Yb,O
Ba,Zn,O
Ba,Zr,O
Be,Ag,O
Be,Al,O
Be,As,O
Be,Au,O
Be,B,O
Be,Bi,O
Be,Br,O
Be,C,O
Be,Ce,O
Be,Cl,O
Be,Co,O
Be,Cr,O
Be,Cu,O
Be,Dy,O
Be,Er,O
Be,Eu,O
Be,Fe,O
Be,Ga,O
Be,Gd,O
Be,Ge,O
Be,Hf,O
Be,Ho,O
Be,I,O
Be,In,O
Be,Ir,O
Be,La,O
Be,Lu,O
Be,Mn,O
Be,Mo,O
Be,N,O
Be,Nb,O
Be,Nd,O
Be,Ni,O
Be,Os,O
Be,P,O
Be,Pb,O
Be,Pd,O
Be,Pr,O
Be,Pt,O
Be,Re,O
Be,Rh,O
Be,Ru,O
Be,S,O
Be,Sb,O
Be,Sc,O
Be,Se,O
Be,Si,O
Be,Sm,O
Be,Sn,O
Be,Sr,O
Be,Ta,O
Be,Tb,O
Be,Tc,O
Be,Te,O
Be,Ti,O
Be,Tl,O
Be,Tm,O
Be,V,O
Be,W,O
Be,Y,O
Be,Yb,O
Be,Zn,O
Be,Zr,O
Bi,Ag,O
Bi,Al,O
Bi,As,O
Bi,Au,O
Bi,B,O
Bi,Ba,O
Bi,Be,O
Bi,Bi,O
Bi,Br,O
Bi,C,O
Bi,Ca,O
Bi,Cd,O
Bi,Ce,O
Bi,Cl,O
Bi,Co,O
Bi,Cr,O
Bi,Cu,O
Bi,Dy,O
Bi,Er,O
Bi,Eu,O
Bi,Fe,O
Bi,Ga,O
Bi,Gd,O
Bi,Ge,O
Bi,Hf,O
Bi,Hg,O
Bi,Ho,O
Bi,I,O
Bi,In,O
Bi,Ir,O
Bi,La,O
Bi,Lu,O
Bi,Mg,O
Bi,Mn,O
Bi,Mo,O
Bi,N,O
Bi,Nb,O
Bi,Nd,O
Bi,Ni,O
Bi,Os,O
Bi,P,O
Bi,Pb,O
Bi,Pd,O
Bi,Pr,O
Bi,Pt,O
Bi,Re,O
Bi,Rh,O
Bi,Ru,O
Bi,S,O
Bi,Sb,O
Bi,Sc,O
Bi,Se,O
Bi,Si,O
Bi,Sm,O
Bi,Sn,O
Bi,Sr,O
Bi,Ta,O
Bi,Tb,O
Bi,Tc,O
Bi,Te,O
Bi,Ti,O
Bi,Tl,O
Bi,Tm,O
Bi,V,O
Bi,W,O
Bi,Y,O
Bi,Yb,O
Bi,Zn,O
Bi,Zr,O
Br,Ag,O
Br,As,O
Br,Au,O
Br,B,O
Br,Bi,O
Br,C,O
Br,Ca,O
Br,Cd,O
Br,Ce,O
Br,Cl,O
Br,Co,O
Br,Cr,O
Br,Cu,O
Br,Dy,O
Br,Er,O
Br,Eu,O
Br,Fe,O
Br,Ga,O
Br,Gd,O
Br,Ge,O
Br,Hf,O
Br,Hg,O
Br,Ho,O
Br,In,O
Br,Ir,O
Br,La,O
Br,Lu,O
Br,Mn,O
Br,Mo,O
Br,N,O
Br,Nb,O
Br,Nd,O
Br,Ni,O
Br,Os,O
Br,P,O
Br,Pb,O
Br,Pd,O
Br,Pr,O
Br,Pt,O
Br,Re,O
Br,Rh,O
Br,Ru,O
Br,S,O
Br,Sb,O
Br,Sc,O
Br,Se,O
Br,Si,O
Br,Sm,O
Br,Sn,O
Br,Ta,O
Br,Tb,O
Br,Tc,O
Br,Te,O
Br,Ti,O
Br,Tl,O
Br,Tm,O
Br,V,O
Br,W,O
Br,Y,O
Br,Yb,O
Br,Zn,O
Br,Zr,O
C,Ag,O
C,Al,O
C,As,O
C,Au,O
C,B,O
C,Ba,O
C,Be,O
C,Bi,O
C,Br,O
C,C,O
C,Ca,O
C,Cd,O
C,Ce,O
C,Cl,O
C,Co,O
C,Cr,O
C,Cu,O
C,Dy,O
C,Er,O
C,Eu,O
C,Fe,O
C,Ga,O
C,Gd,O
C,Ge,O
C,Hf,O
C,Hg,O
C,Ho,O
C,I,O
C,In,O
C,Ir,O
C,La,O
C,Lu,O
C,Mg,O
C,Mn,O
C,Mo,O
C,N,O
C,Nb,O
C,Nd,O
C,Ni,O
C,Os,O
C,P,O
C,Pb,O
C,Pd,O
C,Pr,O
C,Pt,O
C,Re,O
C,Rh,O
C,Ru,O
C,S,O
C,Sb,O
C,Sc,O
C,Se,O
C,Si,O
C,Sm,O
C,Sn,O
C,Sr,O
C,Ta,O
C,Tb,O
C,Tc,O
C,Te,O
C,Ti,O
C,Tl,O
C,Tm,O
C,V,O
C,W,O
C,Y,O
C,Yb,O
C,Zn,O
C,Zr,O
Ca,Ag,O
Ca,Al,O
Ca,As,O
Ca,Au,O
Ca,B,O
Ca,Bi,O
Ca,Br,O
Ca,C,O
Ca,Ce,O
Ca,Cl,O
Ca,Co,O
Ca,Cr,O
Ca,Cu,O
Ca,Dy,O
Ca,Er,O
Ca,Eu,O
Ca,Fe,O
Ca,Ga,O
Ca,Gd,O
Ca,Ge,O
Ca,Hf,O
Ca,Ho,O
Ca,I,O
Ca,In,O
Ca,Ir,O
Ca,La,O
Ca,Lu,O
Ca,Mn,O
Ca,Mo,O
Ca,N,O
Ca,Nb,O
Ca,Nd,O
Ca,Ni,O
Ca,Os,O
Ca,P,O
Ca,Pb,O
Ca,Pd,O
Ca,Pr,O
Ca,Pt,O
Ca,Re,O
Ca,Rh,O
Ca,Ru,O
Ca,S,O
Ca,Sb,O
Ca,Sc,O
Ca,Se,O
Ca,Si,O
Ca,Sm,O
Ca,Sn,O
Ca,Sr,O
Ca,Ta,O
Ca,Tb,O
Ca,Tc,O
Ca,Te,O
Ca,Ti,O
Ca,Tl,O
Ca,Tm,O
Ca,V,O
Ca,W,O
Ca,Y,O
Ca,Yb,O
Ca,Zn,O
Ca,Zr,O
Cd,Ag,O
Cd,Al,O
Cd,As,O
Cd,Au,O
Cd,B,O
Cd,Bi,O
Cd,Br,O
Cd,C,O
Cd,Ce,O
Cd,Cl,O
Cd,Co,O
Cd,Cr,O
Cd,Cu,O
Cd,Dy,O
Cd,Er,O
Cd,Eu,O
Cd,Fe,O
Cd,Ga,O
Cd,Gd,O
Cd,Ge,O
Cd,Hf,O
Cd,Ho,O
Cd,I,O
Cd,In,O
Cd,Ir,O
Cd,La,O
Cd,Lu,O
Cd,Mn,O
Cd,Mo,O
Cd,N,O
Cd,Nb,O
Cd,Nd,O
Cd,Ni,O
Cd,Os,O
Cd,P,O
Cd,Pb,O
Cd,Pd,O
Cd,Pr,O
Cd,Pt,O
Cd,Re,O
Cd,Rh,O
Cd,Ru,O
Cd,S,O
Cd,Sb,O
Cd,Sc,O
Cd,Se,O
Cd,Si,O
Cd,Sm,O
Cd,Sn,O
Cd,Sr,O
Cd,Ta,O
Cd,Tb,O
Cd,Tc,O
Cd,Te,O
Cd,Ti,O
Cd,Tl,O
Cd,Tm,O
Cd,V,O
Cd,W,O
Cd,Y,O
Cd,Yb,O
Cd,Zn,O
Cd,Zr,O
Ce,Ag,O
Ce,Al,O
Ce,As,O
Ce,Au,O
Ce,B,O
Ce,Ba,O
Ce,Be,O
Ce,Bi,O
Ce,Br,O
Ce,C,O
Ce,Ca,O
Ce,Cd,O
Ce,Ce,O
Ce,Cl,O
Ce,Co,O
Ce,Cr,O
Ce,Cu,O
Ce,Dy,O
Ce,Er,O
Ce,Eu,O
Ce,Fe,O
Ce,Ga,O
Ce,Gd,O
Ce,Ge,O
Ce,Hf,O
Ce,Hg,O
Ce,Ho,O
Ce,I,O
Ce,In,O
Ce,Ir,O
Ce,La,O
Ce,Lu,O
Ce,Mg,O
Ce,Mn,O
Ce,Mo,O
Ce,N,O
Ce,Nb,O
Ce,Nd,O
Ce,Ni,O
Ce,Os,O
Ce,P,O
Ce,Pb,O
Ce,Pd,O
Ce,Pr,O
Ce,Pt,O
Ce,Re,O
Ce,Rh,O
Ce,Ru,O
Ce,S,O
Ce,Sb,O
Ce,Sc,O
Ce,Se,O
Ce,Si,O
Ce,Sm,O
Ce,Sn,O
Ce,Sr,O
Ce,Ta,O
Ce,Tb,O
Ce,Tc,O
Ce,Te,O
Ce,Ti,O
Ce,Tl,O
Ce,Tm,O
Ce,V,O
Ce,W,O
Ce,Y,O
Ce,Yb,O
Ce,Zn,O
Ce,Zr,O
Cl,Ag,O
Cl,As,O
Cl,Au,O
Cl,B,O
Cl,Ba,O
Cl,Be,O
Cl,Bi,O
Cl,Br,O
Cl,C,O
Cl,Ca,O
Cl,Cd,O
Cl,Ce,O
Cl,Cl,O
Cl,Co,O
Cl,Cr,O
Cl,Cu,O
Cl,Dy,O
Cl,Er,O
Cl,Eu,O
Cl,Fe,O
Cl,Ga,O
Cl,Gd,O
Cl,Ge,O
Cl,Hf,O
Cl,Hg,O
Cl,Ho,O
Cl,I,O
Cl,In,O
Cl,Ir,O
Cl,La,O
Cl,Lu,O
Cl,Mg,O
Cl,Mn,O
Cl,Mo,O
Cl,N,O
Cl,Nb,O
Cl,Nd,O
Cl,Ni,O
Cl,Os,O
Cl,P,O
Cl,Pb,O
Cl,Pd,O
Cl,Pr,O
Cl,Pt,O
Cl,Re,O
Cl,Rh,O
Cl,Ru,O
Cl,S,O
Cl,Sb,O
Cl,Sc,O
Cl,Se,O
Cl,Si,O
Cl,Sm,O
Cl,Sn,O
Cl,Sr,O
Cl,Ta,O
Cl,Tb,O
Cl,Tc,O
Cl,Te,O
Cl,Ti,O
Cl,Tl,O
Cl,Tm,O
Cl,V,O
Cl,W,O
Cl,Y,O
Cl,Yb,O
Cl,Zn,O
Cl,Zr,O
Co,Ag,O
Co,Al,O
Co,As,O
Co,Au,O
Co,B,O
Co,Ba,O
Co,Be,O
Co,Bi,O
Co,Br,O
Co,C,O
Co,Ca,O
Co,Cd,O
Co,Ce,O
Co,Cl,O
Co,Co,O
Co,Cr,O
Co,Cu,O
Co,Dy,O
Co,Er,O
Co,Eu,O
Co,Fe,O
Co,Ga,O
Co,Gd,O
Co,Ge,O
Co,Hf,O
Co,Hg,O
Co,Ho,O
Co,I,O
Co,In,O
Co,Ir,O
Co,La,O
Co,Lu,O
Co,Mg,O
Co,Mn,O
Co,Mo,O
Co,N,O
Co,Nb,O
Co,Nd,O
Co,Ni,O
Co,Os,O
Co,P,O
Co,Pb,O
Co,Pd,O
Co,Pr,O
Co,Pt,O
Co,Re,O
Co,Rh,O
Co,Ru,O
Co,S,O
Co,Sb,O
Co,Sc,O
Co,Se,O
Co,Si,O
Co,Sm,O
Co,Sn,O
Co,Sr,O
Co,Ta,O
Co,Tb,O
Co,Tc,O
Co,Te,O
Co,Ti,O
Co,Tl,O
Co,Tm,O
Co,V,O
Co,W,O
Co,Y,O
Co,Yb,O
Co,Zn,O
Co,Zr,O
Cr,Ag,O
Cr,Al,O
Cr,As,O
Cr,Au,O
Cr,B,O
Cr,Ba,O
Cr,Be,O
Cr,Bi,O
Cr,Br,O
Cr,C,O
Cr,Ca,O
Cr,Cd,O
Cr,Ce,O
Cr,Cl,O
Cr,Co,O
Cr,Cr,O
Cr,Cs,O
Cr,Cu,O
Cr,Dy,O
Cr,Er,O
Cr,Eu,O
Cr,Fe,O
Cr,Ga,O
Cr,Gd,O
Cr,Ge,O
Cr,H,O
Cr,Hf,O
Cr,Hg,O
Cr,Ho,O
Cr,I,O
Cr,In,O
Cr,Ir,O
Cr,K,O
Cr,La,O
Cr,Li,O
Cr,Lu,O
Cr,Mg,O
Cr,Mn,O
Cr,Mo,O
Cr,N,O
Cr,Na,O
Cr,Nb,O
Cr,Nd,O
Cr,Ni,O
Cr,Os,O
Cr,P,O
Cr,Pb,O
Cr,Pd,O
Cr,Pr,O
Cr,Pt,O
Cr,Rb,O
Cr,Re,O
Cr,Rh,O
Cr,Ru,O
Cr,S,O
Cr,Sb,O
Cr,Sc,O
Cr,Se,O
Cr,Si,O
Cr,Sm,O
Cr,Sn,O
Cr,Sr,O
Cr,Ta,O
Cr,Tb,O
Cr,Tc,O
Cr,Te,O
Cr,Ti,O
Cr,Tl,O
Cr,Tm,O
Cr,V,O
Cr,W,O
Cr,Y,O
Cr,Yb,O
Cr,Zn,O
Cr,Zr,O
Cs,As,O
Cs,Au,O
Cs,Bi,O
Cs,C,O
Cs,Ce,O
Cs,Cl,O
Cs,Co,O
Cs,Cr,O
Cs,Cu,O
Cs,Dy,O
Cs,Er,O
Cs,Eu,O
Cs,Fe,O
Cs,Ga,O
Cs,Gd,O
Cs,Ge,O
Cs,Hf,O
Cs,Ir,O
Cs,La,O
Cs,Mn,O
Cs,Mo,O
Cs,N,O
Cs,Nb,O
Cs,Nd,O
Cs,Ni,O
Cs,Os,O
Cs,P,O
Cs,Pb,O
Cs,Pd,O
Cs,Pr,O
Cs,Pt,O
Cs,Re,O
Cs,Rh,O
Cs,Ru,O
Cs,S,O
Cs,Sb,O
Cs,Se,O
Cs,Si,O
Cs,Sm,O
Cs,Sn,O
Cs,Ta,O
Cs,Tb,O
Cs,Tc,O
Cs,Te,O
Cs,Ti,O
Cs,V,O
Cs,W,O
Cs,Y,O
Cs,Yb,O
Cs,Zn,O
Cs,Zr,O
Cu,Ag,O
Cu,Al,O
Cu,As,O
Cu,Au,O
Cu,B,O
Cu,Ba,O
Cu,Be,O
Cu,Bi,O
Cu,Br,O
Cu,C,O
Cu,Ca,O
Cu,Cd,O
Cu,Ce,O
Cu,Cl,O
Cu,Co,O
Cu,Cr,O
Cu,Cu,O
Cu,Dy,O
Cu,Er,O
Cu,Eu,O
Cu,Fe,O
Cu,Ga,O
Cu,Gd,O
Cu,Ge,O
Cu,Hf,O
Cu,Hg,O
Cu,Ho,O
Cu,I,O
Cu,In,O
Cu,Ir,O
Cu,La,O
Cu,Lu,O
Cu,Mg,O
Cu,Mn,O
Cu,Mo,O
Cu,N,O
Cu,Nb,O
Cu,Nd,O
Cu,Ni,O
Cu,Os,O
Cu,P,O
Cu,Pb,O
Cu,Pd,O
Cu,Pr,O
Cu,Pt,O
Cu,Re,O
Cu,Rh,O
Cu,Ru,O
Cu,S,O
Cu,Sb,O
Cu,Sc,O
Cu,Se,O
Cu,Si,O
Cu,Sm,O
Cu,Sn,O
Cu,Sr,O
Cu,Ta,O
Cu,Tb,O
Cu,Tc,O
Cu,Te,O
Cu,Ti,O
Cu,Tl,O
Cu,Tm,O
Cu,V,O
Cu,W,O
Cu,Y,O
Cu,Yb,O
Cu,Zn,O
Cu,Zr,O
Dy,Ag,O
Dy,Al,O
Dy,As,O
Dy,Au,O
Dy,B,O
Dy,Ba,O
Dy,Be,O
Dy,Bi,O
Dy,Br,O
Dy,C,O
Dy,Ca,O
Dy,Cd,O
Dy,Ce,O
Dy,Cl,O
Dy,Co,O
Dy,Cr,O
Dy,Cu,O
Dy,Dy,O
Dy,Er,O
Dy,Eu,O
Dy,Fe,O
Dy,Ga,O
Dy,Gd,O
Dy,Ge,O
Dy,Hf,O
Dy,Hg,O
Dy,Ho,O
Dy,I,O
Dy,In,O
Dy,Ir,O
Dy,La,O
Dy,Lu,O
Dy,Mg,O
Dy,Mn,O
Dy,Mo,O
Dy,N,O
Dy,Nb,O
Dy,Nd,O
Dy,Ni,O
Dy,Os,O
Dy,P,O
Dy,Pb,O
Dy,Pd,O
Dy,Pr,O
Dy,Pt,O
Dy,Re,O
Dy,Rh,O
Dy,Ru,O
Dy,S,O
Dy,Sb,O
Dy,Sc,O
Dy,Se,O
Dy,Si,O
Dy,Sm,O
Dy,Sn,O
Dy,Sr,O
Dy,Ta,O
Dy,Tb,O
Dy,Tc,O
Dy,Te,O
Dy,Ti,O
Dy,Tl,O
Dy,Tm,O
Dy,V,O
Dy,W,O
Dy,Y,O
Dy,Yb,O
Dy,Zn,O
Dy,Zr,O
Er,Ag,O
Er,Al,O
Er,As,O
Er,Au,O
Er,B,O
Er,Ba,O
Er,Be,O
Er,Bi,O
Er,Br,O
Er,C,O
Er,Ca,O
Er,Cd,O
Er,Ce,O
Er,Cl,O
Er,Co,O
Er,Cr,O
Er,Cu,O
Er,Dy,O
Er,Er,O
Er,Eu,O
Er,Fe,O
Er,Ga,O
Er,Gd,O
Er,Ge,O
Er,Hf,O
Er,Hg,O
Er,Ho,O
Er,I,O
Er,In,O
Er,Ir,O
Er,La,O
Er,Lu,O
Er,Mg,O
Er,Mn,O
Er,Mo,O
Er,N,O
Er,Nb,O
Er,Nd,O
Er,Ni,O
Er,Os,O
Er,P,O
Er,Pb,O
Er,Pd,O
Er,Pr,O
Er,Pt,O
Er,Re,O
Er,Rh,O
Er,Ru,O
Er,S,O
Er,Sb,O
Er,Sc,O
Er,Se,O
Er,Si,O
Er,Sm,O
Er,Sn,O
Er,Sr,O
Er,Ta,O
Er,Tb,O
Er,Tc,O
Er,Te,O
Er,Ti,O
Er,Tl,O
Er,Tm,O
Er,V,O
Er,W,O
Er,Y,O
Er,Yb,O
Er,Zn,O
Er,Zr,O
Eu,Ag,O
Eu,Al,O
Eu,As,O
Eu,Au,O
Eu,B,O
Eu,Ba,O
Eu,Be,O
Eu,Bi,O
Eu,Br,O
Eu,C,O
Eu,Ca,O
Eu,Cd,O
Eu,Ce,O
Eu,Cl,O
Eu,Co,O
Eu,Cr,O
Eu,Cs,O
Eu,Cu,O
Eu,Dy,O
Eu,Er,O
Eu,Eu,O
Eu,Fe,O
Eu,Ga,O
Eu,Gd,O
Eu,Ge,O
Eu,H,O
Eu,Hf,O
Eu,Hg,O
Eu,Ho,O
Eu,I,O
Eu,In,O
Eu,Ir,O
Eu,K,O
Eu,La,O
Eu,Li,O
Eu,Lu,O
Eu,Mg,O
Eu,Mn,O
Eu,Mo,O
Eu,N,O
Eu,Na,O
Eu,Nb,O
Eu,Nd,O
Eu,Ni,O
Eu,Os,O
Eu,P,O
Eu,Pb,O
Eu,Pd,O
Eu,Pr,O
Eu,Pt,O
Eu,Rb,O
Eu,Re,O
Eu,Rh,O
Eu,Ru,O
Eu,S,O
Eu,Sb,O
Eu,Sc,O
Eu,Se,O
Eu,Si,O
Eu,Sm,O
Eu,Sn,O
Eu,Sr,O
Eu,Ta,O
Eu,Tb,O
Eu,Tc,O
Eu,Te,O
Eu,Ti,O
Eu,Tl,O
Eu,Tm,O
Eu,V,O
Eu,W,O
Eu,Y,O
Eu,Yb,O
Eu,Zn,O
Eu,Zr,O
Fe,Ag,O
Fe,Al,O
Fe,As,O
Fe,Au,O
Fe,B,O
Fe,Ba,O
Fe,Be,O
Fe,Bi,O
Fe,Br,O
Fe,C,O
Fe,Ca,O
Fe,Cd,O
Fe,Ce,O
Fe,Cl,O
Fe,Co,O
Fe,Cr,O
Fe,Cs,O
Fe,Cu,O
Fe,Dy,O
Fe,Er,O
Fe,Eu,O
Fe,Fe,O
Fe,Ga,O
Fe,Gd,O
Fe,Ge,O
Fe,H,O
Fe,Hf,O
Fe,Hg,O
Fe,Ho,O
Fe,I,O
Fe,In,O
Fe,Ir,O
Fe,K,O
Fe,La,O
Fe,Li,O
Fe,Lu,O
Fe,Mg,O
Fe,Mn,O
Fe,Mo,O
Fe,N,O
Fe,Na,O
Fe,Nb,O
Fe,Nd,O
Fe,Ni,O
Fe,Os,O
Fe,P,O
Fe,Pb,O
Fe,Pd,O
Fe,Pr,O
Fe,Pt,O
Fe,Rb,O
Fe,Re,O
Fe,Rh,O
Fe,Ru,O
Fe,S,O
Fe,Sb,O
Fe,Sc,O
Fe,Se,O
Fe,Si,O
Fe,Sm,O
Fe,Sn,O
Fe,Sr,O
Fe,Ta,O
Fe,Tb,O
Fe,Tc,O
Fe,Te,O
Fe,Ti,O
Fe,Tl,O
Fe,Tm,O
Fe,V,O
Fe,W,O
Fe,Y,O
Fe,Yb,O
Fe,Zn,O
Fe,Zr,O
Ga,Ag,O
Ga,Al,O
Ga,As,O
Ga,Au,O
Ga,B,O
Ga,Ba,O
Ga,Be,O
Ga,Bi,O
Ga,Br,O
Ga,C,O
Ga,Ca,O
Ga,Cd,O
Ga,Ce,O
Ga,Cl,O
Ga,Co,O
Ga,Cr,O
Ga,Cu,O
Ga,Dy,O
Ga,Er,O
Ga,Eu,O
Ga,Fe,O
Ga,Ga,O
Ga,Gd,O
Ga,Ge,O
Ga,Hf,O
Ga,Hg,O
Ga,Ho,O
Ga,I,O
Ga,In,O
Ga,Ir,O
Ga,La,O
Ga,Lu,O
Ga,Mg,O
Ga,Mn,O
Ga,Mo,O
Ga,N,O
Ga,Nb,O
Ga,Nd,O
Ga,Ni,O
Ga,Os,O
Ga,P,O
Ga,Pb,O
Ga,Pd,O
Ga,Pr,O
Ga,Pt,O
Ga,Re,O
Ga,Rh,O
Ga,Ru,O
Ga,S,O
Ga,Sb,O
Ga,Sc,O
Ga,Se,O
Ga,Si,O
Ga,Sm,O
Ga,Sn,O
Ga,Sr,O
Ga,Ta,O
Ga,Tb,O
Ga,Tc,O
Ga,Te,O
Ga,Ti,O
Ga,Tl,O
Ga,Tm,O
Ga,V,O
Ga,W,O
Ga,Y,O
Ga,Yb,O
Ga,Zn,O
Ga,Zr,O
Gd,Ag,O
Gd,Al,O
Gd,As,O
Gd,Au,O
Gd,B,O
Gd,Ba,O
Gd,Be,O
Gd,Bi,O
Gd,Br,O
Gd,C,O
Gd,Ca,O
Gd,Cd,O
Gd,Ce,O
Gd,Cl,O
Gd,Co,O
Gd,Cr,O
Gd,Cu,O
Gd,Dy,O
Gd,Er,O
Gd,Eu,O
Gd,Fe,O
Gd,Ga,O
Gd,Gd,O
Gd,Ge,O
Gd,Hf,O
Gd,Hg,O
Gd,Ho,O
Gd,I,O
Gd,In,O
Gd,Ir,O
Gd,La,O
Gd,Lu,O
Gd,Mg,O
Gd,Mn,O
Gd,Mo,O
Gd,N,O
Gd,Nb,O
Gd,Nd,O
Gd,Ni,O
Gd,Os,O
Gd,P,O
Gd,Pb,O
Gd,Pd,O
Gd,Pr,O
Gd,Pt,O
Gd,Re,O
Gd,Rh,O
Gd,Ru,O
Gd,S,O
Gd,Sb,O
Gd,Sc,O
Gd,Se,O
Gd,Si,O
Gd,Sm,O
Gd,Sn,O
Gd,Sr,O
Gd,Ta,O
Gd,Tb,O
Gd,Tc,O
Gd,Te,O
Gd,Ti,O
Gd,Tl,O
Gd,Tm,O
Gd,V,O
Gd,W,O
Gd,Y,O
Gd,Yb,O
Gd,Zn,O
Gd,Zr,O
Ge,Ag,O
Ge,Al,O
Ge,As,O
Ge,Au,O
Ge,B,O
Ge,Ba,O
Ge,Be,O
Ge,Bi,O
Ge,Br,O
Ge,C,O
Ge,Ca,O
Ge,Cd,O
Ge,Ce,O
Ge,Cl,O
Ge,Co,O
Ge,Cr,O
Ge,Cu,O
Ge,Dy,O
Ge,Er,O
Ge,Eu,O
Ge,Fe,O
Ge,Ga,O
Ge,Gd,O
Ge,Ge,O
Ge,Hf,O
Ge,Hg,O
Ge,Ho,O
Ge,I,O
Ge,In,O
Ge,Ir,O
Ge,La,O
Ge,Lu,O
Ge,Mg,O
Ge,Mn,O
Ge,Mo,O
Ge,N,O
Ge,Nb,O
Ge,Nd,O
Ge,Ni,O
Ge,Os,O
Ge,P,O
Ge,Pb,O
Ge,Pd,O
Ge,Pr,O
Ge,Pt,O
Ge,Re,O
Ge,Rh,O
Ge,Ru,O
Ge,S,O
Ge,Sb,O
Ge,Sc,O
Ge,Se,O
Ge,Si,O
Ge,Sm,O
Ge,Sn,O
Ge,Sr,O
Ge,Ta,O
Ge,Tb,O
Ge,Tc,O
Ge,Te,O
Ge,Ti,O
Ge,Tl,O
Ge,Tm,O
Ge,V,O
Ge,W,O
Ge,Y,O
Ge,Yb,O
Ge,Zn,O
Ge,Zr,O
H,As,O
H,Au,O
H,Bi,O
H,C,O
H,Ce,O
H,Cl,O
H,Co,O
H,Cr,O
H,Cu,O
H,Dy,O
H,Er,O
H,Eu,O
H,Fe,O
H,Ga,O
H,Gd,O
H,Ge,O
H,Hf,O
H,Ir,O
H,La,O
H,Mn,O
H,Mo,O
H,N,O
H,Nb,O
H,Nd,O
H,Ni,O
H,Os,O
H,P,O
H,Pb,O
H,Pd,O
H,Pr,O
H,Pt,O
H,Re,O
H,Rh,O
H,Ru,O
H,S,O
H,Sb,O
H,Se,O
H,Si,O
H,Sm,O
H,Sn,O
H,Ta,O
H,Tb,O
H,Tc,O
H,Te,O
H,Ti,O
H,V,O
H,W,O
H,Y,O
H,Yb,O
H,Zn,O
H,Zr,O
Hf,Ag,O
Hf,Al,O
Hf,As,O
Hf,Au,O
Hf,B,O
Hf,Ba,O
Hf,Be,O
Hf,Bi,O
Hf,Br,O
Hf,C,O
Hf,Ca,O
Hf,Cd,O
Hf,Ce,O
Hf,Cl,O
Hf,Co,O
Hf,Cr,O
Hf,Cu,O
Hf,Dy,O
Hf,Er,O
Hf,Eu,O
Hf,Fe,O
Hf,Ga,O
Hf,Gd,O
Hf,Ge,O
Hf,Hf,O
Hf,Hg,O
Hf,Ho,O
Hf,I,O
Hf,In,O
Hf,Ir,O
Hf,La,O
Hf,Lu,O
Hf,Mg,O
Hf,Mn,O
Hf,Mo,O
Hf,N,O
Hf,Nb,O
Hf,Nd,O
Hf,Ni,O
Hf,Os,O
Hf,P,O
Hf,Pb,O
Hf,Pd,O
Hf,Pr,O
Hf,Pt,O
Hf,Re,O
Hf,Rh,O
Hf,Ru,O
Hf,S,O
Hf,Sb,O
Hf,Sc,O
Hf,Se,O
Hf,Si,O
Hf,Sm,O
Hf,Sn,O
Hf,Sr,O
Hf,Ta,O
Hf,Tb,O
Hf,Tc,O
Hf,Te,O
Hf,Ti,O
Hf,Tl,O
Hf,Tm,O
Hf,V,O
Hf,W,O
Hf,Y,O
Hf,Yb,O
Hf,Zn,O
Hf,Zr,O
Hg,Ag,O
Hg,Al,O
Hg,As,O
Hg,Au,O
Hg,B,O
Hg,Bi,O
Hg,Br,O
Hg,C,O
Hg,Ce,O
Hg,Cl,O
Hg,Co,O
Hg,Cr,O
Hg,Cu,O
Hg,Dy,O
Hg,Er,O
Hg,Eu,O
Hg,Fe,O
Hg,Ga,O
Hg,Gd,O
Hg,Ge,O
Hg,Hf,O
Hg,Ho,O
Hg,I,O
Hg,In,O
Hg,Ir,O
Hg,La,O
Hg,Lu,O
Hg,Mn,O
Hg,Mo,O
Hg,N,O
Hg,Nb,O
Hg,Nd,O
Hg,Ni,O
Hg,Os,O
Hg,P,O
Hg,Pb,O
Hg,Pd,O
Hg,Pr,O
Hg,Pt,O
Hg,Re,O
Hg,Rh,O
Hg,Ru,O
Hg,S,O
Hg,Sb,O
Hg,Sc,O
Hg,Se,O
Hg,Si,O
Hg,Sm,O
Hg,Sn,O
Hg,Sr,O
Hg,Ta,O
Hg,Tb,O
Hg,Tc,O
Hg,Te,O
Hg,Ti,O
Hg,Tl,O
Hg,Tm,O
Hg,V,O
Hg,W,O
Hg,Y,O
Hg,Yb,O
Hg,Zn,O
Hg,Zr,O
Ho,Ag,O
Ho,Al,O
Ho,As,O
Ho,Au,O
Ho,B,O
Ho,Bi,O
Ho,Br,O
Ho,C,O
Ho,Ce,O
Ho,Cl,O
Ho,Co,O
Ho,Cr,O
Ho,Cu,O
Ho,Dy,O
Ho,Er,O
Ho,Eu,O
Ho,Fe,O
Ho,Ga,O
Ho,Gd,O
Ho,Ge,O
Ho,Hf,O
Ho,Ho,O
Ho,I,O
Ho,In,O
Ho,Ir,O
Ho,La,O
Ho,Lu,O
Ho,Mn,O
Ho,Mo,O
Ho,N,O
Ho,Nb,O
Ho,Nd,O
Ho,Ni,O
Ho,Os,O
Ho,P,O
Ho,Pb,O
Ho,Pd,O
Ho,Pr,O
Ho,Pt,O
Ho,Re,O
Ho,Rh,O
Ho,Ru,O
Ho,S,O
Ho,Sb,O
Ho,Sc,O
Ho,Se,O
Ho,Si,O
Ho,Sm,O
Ho,Sn,O
Ho,Sr,O
Ho,Ta,O
Ho,Tb,O
Ho,Tc,O
Ho,Te,O
Ho,Ti,O
Ho,Tl,O
Ho,Tm,O
Ho,V,O
Ho,W,O
Ho,Y,O
Ho,Yb,O
Ho,Zn,O
Ho,Zr,O
I,Ag,O
I,As,O
I,Au,O
I,B,O
I,Bi,O
I,C,O
I,Ca,O
I,Cd,O
I,Ce,O
I,Cl,O
I,Co,O
I,Cr,O
I,Cu,O
I,Dy,O
I,Er,O
I,Eu,O
I,Fe,O
I,Ga,O
I,Gd,O
I,Ge,O
I,Hf,O
I,Hg,O
I,Ho,O
I,In,O
I,Ir,O
I,La,O
I,Lu,O
I,Mn,O
I,Mo,O
I,N,O
I,Nb,O
I,Nd,O
I,Ni,O
I,Os,O
I,P,O
I,Pb,O
I,Pd,O
I,Pr,O
I,Pt,O
I,Re,O
I,Rh,O
I,Ru,O
I,S,O
I,Sb,O
I,Sc,O
I,Se,O
I,Si,O
I,Sm,O
I,Sn,O
I,Ta,O
I,Tb,O
I,Tc,O
I,Te,O
I,Ti,O
I,Tl,O
I,Tm,O
I,V,O
I,W,O
I,Y,O
I,Yb,O
I,Zn,O
I,Zr,O
In,Ag,O
In,Al,O
In,As,O
In,Au,O
In,B,O
In,Bi,O
In,Br,O
In,C,O
In,Ce,O
In,Cl,O
In,Co,O
In,Cr,O
In,Cu,O
In,Dy,O
In,Er,O
In,Eu,O
In,Fe,O
In,Ga,O
In,Gd,O
In,Ge,O
In,Hf,O
In,Ho,O
In,I,O
In,In,O
In,Ir,O
In,La,O
In,Lu,O
In,Mn,O
In,Mo,O
In,N,O
In,Nb,O
In,Nd,O
In,Ni,O
In,Os,O
In,P,O
In,Pb,O
In,Pd,O
In,Pr,O
In,Pt,O
In,Re,O
In,Rh,O
In,Ru,O
In,S,O
In,Sb,O
In,Sc,O
In,Se,O
In,Si,O
In,Sm,O
In,Sn,O
In,Sr,O
In,Ta,O
In,Tb,O
In,Tc,O
In,Te,O
In,Ti,O
In,Tl,O
In,Tm,O
In,V,O
In,W,O
In,Y,O
In,Yb,O
In,Zn,O
In,Zr,O
Ir,Ag,O
Ir,Al,O
Ir,As,O
Ir,Au,O
Ir,B,O
Ir,Ba,O
Ir,Be,O
Ir,Bi,O
Ir,Br,O
Ir,C,O
Ir,Ca,O
Ir,Cd,O
Ir,Ce,O
Ir,Cl,O
Ir,Co,O
Ir,Cr,O
Ir,Cs,O
Ir,Cu,O
Ir,Dy,O
Ir,Er,O
Ir,Eu,O
Ir,Fe,O
Ir,Ga,O
Ir,Gd,O
Ir,Ge,O
Ir,H,O
Ir,Hf,O
Ir,Hg,O
Ir,Ho,O
Ir,I,O
Ir,In,O
Ir,Ir,O
Ir,K,O
Ir,La,O
Ir,Li,O
Ir,Lu,O
Ir,Mg,O
Ir,Mn,O
Ir,Mo,O
Ir,N,O
Ir,Na,O
Ir,Nb,O
Ir,Nd,O
Ir,Ni,O
Ir,Os,O
Ir,P,O
Ir,Pb,O
Ir,Pd,O
Ir,Pr,O
Ir,Pt,O
Ir,Rb,O
Ir,Re,O
Ir,Rh,O
Ir,Ru,O
Ir,S,O
Ir,Sb,O
Ir,Sc,O
Ir,Se,O
Ir,Si,O
Ir,Sm,O
Ir,Sn,O
Ir,Sr,O
Ir,Ta,O
Ir,Tb,O
Ir,Tc,O
Ir,Te,O
Ir,Ti,O
Ir,Tl,O
Ir,Tm,O
Ir,V,O
Ir,W,O
Ir,Y,O
Ir,Yb,O
Ir,Zn,O
Ir,Zr,O
K,As,O
K,Au,O
K,Bi,O
K,C,O
K,Ce,O
K,Cl,O
K,Co,O
K,Cr,O
K,Cu,O
K,Dy,O
K,Er,O
K,Eu,O
K,Fe,O
K,Ga,O
K,Gd,O
K,Ge,O
K,Hf,O
K,Ir,O
K,La,O
K,Mn,O
K,Mo,O
K,N,O
K,Nb,O
K,Nd,O
K,Ni,O
K,Os,O
K,P,O
K,Pb,O
K,Pd,O
K,Pr,O
K,Pt,O
K,Re,O
K,Rh,O
K,Ru,O
K,S,O
K,Sb,O
K,Se,O
K,Si,O
K,Sm,O
K,Sn,O
K,Ta,O
K,Tb,O
K,Tc,O
K,Te,O
K,Ti,O
K,V,O
K,W,O
K,Y,O
K,Yb,O
K,Zn,O
K,Zr,O
La,Ag,O
La,Al,O
La,As,O
La,Au,O
La,B,O
La,Ba,O
La,Be,O
La,Bi,O
La,Br,O
La,C,O
La,Ca,O
La,Cd,O
La,Ce,O
La,Cl,O
La,Co,O
La,Cr,O
La,Cu,O
La,Dy,O
La,Er,O
La,Eu,O
La,Fe,O
La,Ga,O
La,Gd,O
La,Ge,O
La,Hf,O
La,Hg,O
La,Ho,O
La,I,O
La,In,O
La,Ir,O
La,La,O
La,Lu,O
La,Mg,O
La,Mn,O
La,Mo,O
La,N,O
La,Nb,O
La,Nd,O
La,Ni,O
La,Os,O
La,P,O
La,Pb,O
La,Pd,O
La,Pr,O
La,Pt,O
La,Re,O
La,Rh,O
La,Ru,O
La,S,O
La,Sb,O
La,Sc,O
La,Se,O
La,Si,O
La,Sm,O
La,Sn,O
La,Sr,O
La,Ta,O
La,Tb,O
La,Tc,O
La,Te,O
La,Ti,O
La,Tl,O
La,Tm,O
La,V,O
La,W,O
La,Y,O
La,Yb,O
La,Zn,O
La,Zr,O
Li,As,O
Li,Au,O
Li,Bi,O
Li,C,O
Li,Ce,O
Li,Cl,O
Li,Co,O
Li,Cr,O
Li,Cu,O
Li,Dy,O
Li,Er,O
Li,Eu,O
Li,Fe,O
Li,Ga,O
Li,Gd,O
Li,Ge,O
Li,Hf,O
Li,Ir,O
Li,La,O
Li,Mn,O
Li,Mo,O
Li,N,O
Li,Nb,O
Li,Nd,O
Li,Ni,O
Li,Os,O
Li,P,O
Li,Pb,O
Li,Pd,O
Li,Pr,O
Li,Pt,O
Li,Re,O
Li,Rh,O
Li,Ru,O
Li,S,O
Li,Sb,O
Li,Se,O
Li,Si,O
Li,Sm,O
Li,Sn,O
Li,Ta,O
Li,Tb,O
Li,Tc,O
Li,Te,O
Li,Ti,O
Li,V,O
Li,W,O
Li,Y,O
Li,Yb,O
Li,Zn,O
Li,Zr,O
Lu,Ag,O
Lu,Al,O
Lu,As,O
Lu,Au,O
Lu,B,O
Lu,Bi,O
Lu,Br,O
Lu,C,O
Lu,Ce,O
Lu,Cl,O
Lu,Co,O
Lu,Cr,O
Lu,Cu,O
Lu,Dy,O
Lu,Er,O
Lu,Eu,O
Lu,Fe,O
Lu,Ga,O
Lu,Gd,O
Lu,Ge,O
Lu,Hf,O
Lu,Ho,O
Lu,I,O
Lu,In,O
Lu,Ir,O
Lu,La,O
Lu,Lu,O
Lu,Mn,O
Lu,Mo,O
Lu,N,O
Lu,Nb,O
Lu,Nd,O
Lu,Ni,O
Lu,Os,O
Lu,P,O
Lu,Pb,O
Lu,Pd,O
Lu,Pr,O
Lu,Pt,O
Lu,Re,O
Lu,Rh,O
Lu,Ru,O
Lu,S,O
Lu,Sb,O
Lu,Sc,O
Lu,Se,O
Lu,Si,O
Lu,Sm,O
Lu,Sn,O
Lu,Sr,O
Lu,Ta,O
Lu,Tb,O
Lu,Tc,O
Lu,Te,O
Lu,Ti,O
Lu,Tl,O
Lu,Tm,O
Lu,V,O
Lu,W,O
Lu,Y,O
Lu,Yb,O
Lu,Zn,O
Lu,Zr,O
Mg,Ag,O
Mg,Al,O
Mg,As,O
Mg,Au,O
Mg,B,O
Mg,Bi,O
Mg,Br,O
Mg,C,O
Mg,Ce,O
Mg,Cl,O
Mg,Co,O
Mg,Cr,O
Mg,Cu,O
Mg,Dy,O
Mg,Er,O
Mg,Eu,O
Mg,Fe,O
Mg,Ga,O
Mg,Gd,O
Mg,Ge,O
Mg,Hf,O
Mg,Ho,O
Mg,I,O
Mg,In,O
Mg,Ir,O
Mg,La,O
Mg,Lu,O
Mg,Mn,O
Mg,Mo,O
Mg,N,O
Mg,Nb,O
Mg,Nd,O
Mg,Ni,O
Mg,Os,O
Mg,P,O
Mg,Pb,O
Mg,Pd,O
Mg,Pr,O
Mg,Pt,O
Mg,Re,O
Mg,Rh,O
Mg,Ru,O
Mg,S,O
Mg,Sb,O
Mg,Sc,O
Mg,Se,O
Mg,Si,O
Mg,Sm,O
Mg,Sn,O
Mg,Sr,O
Mg,Ta,O
Mg,Tb,O
Mg,Tc,O
Mg,Te,O
Mg,Ti,O
Mg,Tl,O
Mg,Tm,O
Mg,V,O
Mg,W,O
Mg,Y,O
Mg,Yb,O
Mg,Zn,O
Mg,Zr,O
Mn,Ag,O
Mn,Al,O
Mn,As,O
Mn,Au,O
Mn,B,O
Mn,Ba,O
Mn,Be,O
Mn,Bi,O
Mn,Br,O
Mn,C,O
Mn,Ca,O
Mn,Cd,O
Mn,Ce,O
Mn,Cl,O
Mn,Co,O
Mn,Cr,O
Mn,Cs,O
Mn,Cu,O
Mn,Dy,O
Mn,Er,O
Mn,Eu,O
Mn,Fe,O
Mn,Ga,O
Mn,Gd,O
Mn,Ge,O
Mn,H,O
Mn,Hf,O
Mn,Hg,O
Mn,Ho,O
Mn,I,O
Mn,In,O
Mn,Ir,O
Mn,K,O
Mn,La,O
Mn,Li,O
Mn,Lu,O
Mn,Mg,O
Mn,Mn,O
Mn,Mo,O
Mn,N,O
Mn,Na,O
Mn,Nb,O
Mn,Nd,O
Mn,Ni,O
Mn,Os,O
Mn,P,O
Mn,Pb,O
Mn,Pd,O
Mn,Pr,O
Mn,Pt,O
Mn,Rb,O
Mn,Re,O
Mn,Rh,O
Mn,Ru,O
Mn,S,O
Mn,Sb,O
Mn,Sc,O
Mn,Se,O
Mn,Si,O
Mn,Sm,O
Mn,Sn,O
Mn,Sr,O
Mn,Ta,O
Mn,Tb,O
Mn,Tc,O
Mn,Te,O
Mn,Ti,O
Mn,Tl,O
Mn,Tm,O
Mn,V,O
Mn,W,O
Mn,Y,O
Mn,Yb,O
Mn,Zn,O
Mn,Zr,O
Mo,Ag,O
Mo,Al,O
Mo,As,O
Mo,Au,O
Mo,B,O
Mo,Ba,O
Mo,Be,O
Mo,Bi,O
Mo,Br,O
Mo,C,O
Mo,Ca,O
Mo,Cd,O
Mo,Ce,O
Mo,Cl,O
Mo,Co,O
Mo,Cr,O
Mo,Cs,O
Mo,Cu,O
Mo,Dy,O
Mo,Er,O
Mo,Eu,O
Mo,Fe,O
Mo,Ga,O
Mo,Gd,O
Mo,Ge,O
Mo,H,O
Mo,Hf,O
Mo,Hg,O
Mo,Ho,O
Mo,I,O
Mo,In,O
Mo,Ir,O
Mo,K,O
Mo,La,O
Mo,Li,O
Mo,Lu,O
Mo,Mg,O
Mo,Mn,O
Mo,Mo,O
Mo,N,O
Mo,Na,O
Mo,Nb,O
Mo,Nd,O
Mo,Ni,O
Mo,Os,O
Mo,P,O
Mo,Pb,O
Mo,Pd,O
Mo,Pr,O
Mo,Pt,O
Mo,Rb,O
Mo,Re,O
Mo,Rh,O
Mo,Ru,O
Mo,S,O
Mo,Sb,O
Mo,Sc,O
Mo,Se,O
Mo,Si,O
Mo,Sm,O
Mo,Sn,O
Mo,Sr,O
Mo,Ta,O
Mo,Tb,O
Mo,Tc,O
Mo,Te,O
Mo,Ti,O
Mo,Tl,O
Mo,Tm,O
Mo,V,O
Mo,W,O
Mo,Y,O
Mo,Yb,O
Mo,Zn,O
Mo,Zr,O
N,Ag,O
N,Al,O
N,As,O
N,Au,O
N,B,O
N,Ba,O
N,Be,O
N,Bi,O
N,Br,O
N,C,O
N,Ca,O
N,Cd,O
N,Ce,O
N,Cl,O
N,Co,O
N,Cr,O
N,Cu,O
N,Dy,O
N,Er,O
N,Eu,O
N,Fe,O
N,Ga,O
N,Gd,O
N,Ge,O
N,Hf,O
N,Hg,O
N,Ho,O
N,I,O
N,In,O
N,Ir,O
N,La,O
N,Lu,O
N,Mg,O
N,Mn,O
N,Mo,O
N,N,O
N,Nb,O
N,Nd,O
N,Ni,O
N,Os,O
N,P,O
N,Pb,O
N,Pd,O
N,Pr,O
N,Pt,O
N,Re,O
N,Rh,O
N,Ru,O
N,S,O
N,Sb,O
N,Sc,O
N,Se,O
N,Si,O
N,Sm,O
N,Sn,O
N,Sr,O
N,Ta,O
N,Tb,O
N,Tc,O
N,Te,O
N,Ti,O
N,Tl,O
N,Tm,O
N,V,O
N,W,O
N,Y,O
N,Yb,O
N,Zn,O
N,Zr,O
Na,As,O
Na,Au,O
Na,Bi,O
Na,C,O
Na,Ce,O
Na,Cl,O
Na,Co,O
Na,Cr,O
Na,Cu,O
Na,Dy,O
Na,Er,O
Na,Eu,O
Na,Fe,O
Na,Ga,O
Na,Gd,O
Na,Ge,O
Na,Hf,O
Na,Ir,O
Na,La,O
Na,Mn,O
Na,Mo,O
Na,N,O
Na,Nb,O
Na,Nd,O
Na,Ni,O
Na,Os,O
Na,P,O
Na,Pb,O
Na,Pd,O
Na,Pr,O
Na,Pt,O
Na,Re,O
Na,Rh,O
Na,Ru,O
Na,S,O
Na,Sb,O
Na,Se,O
Na,Si,O
Na,Sm,O
Na,Sn,O
Na,Ta,O
Na,Tb,O
Na,Tc,O
Na,Te,O
Na,Ti,O
Na,V,O
Na,W,O
Na,Y,O
Na,Yb,O
Na,Zn,O
Na,Zr,O
Nb,Ag,O
Nb,Al,O
Nb,As,O
Nb,Au,O
Nb,B,O
Nb,Ba,O
Nb,Be,O
Nb,Bi,O
Nb,Br,O
Nb,C,O
Nb,Ca,O
Nb,Cd,O
Nb,Ce,O
Nb,Cl,O
Nb,Co,O
Nb,Cr,O
Nb,Cs,O
Nb,Cu,O
Nb,Dy,O
Nb,Er,O
Nb,Eu,O
Nb,Fe,O
Nb,Ga,O
Nb,Gd,O
Nb,Ge,O
Nb,H,O
Nb,Hf,O
Nb,Hg,O
Nb,Ho,O
Nb,I,O
Nb,In,O
Nb,Ir,O
Nb,K,O
Nb,La,O
Nb,Li,O
Nb,Lu,O
Nb,Mg,O
Nb,Mn,O
Nb,Mo,O
Nb,N,O
Nb,Na,O
Nb,Nb,O
Nb,Nd,O
Nb,Ni,O
Nb,Os,O
Nb,P,O
Nb,Pb,O
Nb,Pd,O
Nb,Pr,O
Nb,Pt,O
Nb,Rb,O
Nb,Re,O
Nb,Rh,O
Nb,Ru,O
Nb,S,O
Nb,Sb,O
Nb,Sc,O
Nb,Se,O
Nb,Si,O
Nb,Sm,O
Nb,Sn,O
Nb,Sr,O
Nb,Ta,O
Nb,Tb,O
Nb,Tc,O
Nb,Te,O
Nb,Ti,O
Nb,Tl,O
Nb,Tm,O
Nb,V,O
Nb,W,O
Nb,Y,O
Nb,Yb,O
Nb,Zn,O
Nb,Zr,O
Nd,Ag,O
Nd,Al,O
Nd,As,O
Nd,Au,O
Nd,B,O
Nd,Ba,O
Nd,Be,O
Nd,Bi,O
Nd,Br,O
Nd,C,O
Nd,Ca,O
Nd,Cd,O
Nd,Ce,O
Nd,Cl,O
Nd,Co,O
Nd,Cr,O
Nd,Cu,O
Nd,Dy,O
Nd,Er,O
Nd,Eu,O
Nd,Fe,O
Nd,Ga,O
Nd,Gd,O
Nd,Ge,O
Nd,Hf,O
Nd,Hg,O
Nd,Ho,O
Nd,I,O
Nd,In,O
Nd,Ir,O
Nd,La,O
Nd,Lu,O
Nd,Mg,O
Nd,Mn,O
Nd,Mo,O
Nd,N,O
Nd,Nb,O
Nd,Nd,O
Nd,Ni,O
Nd,Os,O
Nd,P,O
Nd,Pb,O
Nd,Pd,O
Nd,Pr,O
Nd,Pt,O
Nd,Re,O
Nd,Rh,O
Nd,Ru,O
Nd,S,O
Nd,Sb,O
Nd,Sc,O
Nd,Se,O
Nd,Si,O
Nd,Sm,O
Nd,Sn,O
Nd,Sr,O
Nd,Ta,O
Nd,Tb,O
Nd,Tc,O
Nd,Te,O
Nd,Ti,O
Nd,Tl,O
Nd,Tm,O
Nd,V,O
Nd,W,O
Nd,Y,O
Nd,Yb,O
Nd,Zn,O
Nd,Zr,O
Ni,Ag,O
Ni,Al,O
Ni,As,O
Ni,Au,O
Ni,B,O
Ni,Ba,O
Ni,Be,O
Ni,Bi,O
Ni,Br,O
Ni,C,O
Ni,Ca,O
Ni,Cd,O
Ni,Ce,O
Ni,Cl,O
Ni,Co,O
Ni,Cr,O
Ni,Cu,O
Ni,Dy,O
Ni,Er,O
Ni,Eu,O
Ni,Fe,O
Ni,Ga,O
Ni,Gd,O
Ni,Ge,O
Ni,Hf,O
Ni,Hg,O
Ni,Ho,O
Ni,I,O
Ni,In,O
Ni,Ir,O
Ni,La,O
Ni,Lu,O
Ni,Mg,O
Ni,Mn,O
Ni,Mo,O
Ni,N,O
Ni,Nb,O
Ni,Nd,O
Ni,Ni,O
Ni,Os,O
Ni,P,O
Ni,Pb,O
Ni,Pd,O
Ni,Pr,O
Ni,Pt,O
Ni,Re,O
Ni,Rh,O
Ni,Ru,O
Ni,S,O
Ni,Sb,O
Ni,Sc,O
Ni,Se,O
Ni,Si,O
Ni,Sm,O
Ni,Sn,O
Ni,Sr,O
Ni,Ta,O
Ni,Tb,O
Ni,Tc,O
Ni,Te,O
Ni,Ti,O
Ni,Tl,O
Ni,Tm,O
Ni,V,O
Ni,W,O
Ni,Y,O
Ni,Yb,O
Ni,Zn,O
Ni,Zr,O
Os,Ag,O
Os,Al,O
Os,As,O
Os,Au,O
Os,B,O
Os,Ba,O
Os,Be,O
Os,Bi,O
Os,Br,O
Os,C,O
Os,Ca,O
Os,Cd,O
Os,Ce,O
Os,Cl,O
Os,Co,O
Os,Cr,O
Os,Cs,O
Os,Cu,O
Os,Dy,O
Os,Er,O
Os,Eu,O
Os,Fe,O
Os,Ga,O
Os,Gd,O
Os,Ge,O
Os,H,O
Os,Hf,O
Os,Hg,O
Os,Ho,O
Os,I,O
Os,In,O
Os,Ir,O
Os,K,O
Os,La,O
Os,Li,O
Os,Lu,O
Os,Mg,O
Os,Mn,O
Os,Mo,O
Os,N,O
Os,Na,O
Os,Nb,O
Os,Nd,O
Os,Ni,O
Os,Os,O
Os,P,O
Os,Pb,O
Os,Pd,O
Os,Pr,O
Os,Pt,O
Os,Rb,O
Os,Re,O
Os,Rh,O
Os,Ru,O
Os,S,O
Os,Sb,O
Os,Sc,O
Os,Se,O
Os,Si,O
Os,Sm,O
Os,Sn,O
Os,Sr,O
Os,Ta,O
Os,Tb,O
Os,Tc,O
Os,Te,O
Os,Ti,O
Os,Tl,O
Os,Tm,O
Os,V,O
Os,W,O
Os,Y,O
Os,Yb,O
Os,Zn,O
Os,Zr,O
P,Ag,O
P,Al,O
P,As,O
P,Au,O
P,B,O
P,Ba,O
P,Be,O
P,Bi,O
P,Br,O
P,C,O
P,Ca,O
P,Cd,O
P,Ce,O
P,Cl,O
P,Co,O
P,Cr,O
P,Cu,O
P,Dy,O
P,Er,O
P,Eu,O
P,Fe,O
P,Ga,O
P,Gd,O
P,Ge,O
P,Hf,O
P,Hg,O
P,Ho,O
P,I,O
P,In,O
P,Ir,O
P,La,O
P,Lu,O
P,Mg,O
P,Mn,O
P,Mo,O
P,N,O
P,Nb,O
P,Nd,O
P,Ni,O
P,Os,O
P,P,O
P,Pb,O
P,Pd,O
P,Pr,O
P,Pt,O
P,Re,O
P,Rh,O
P,Ru,O
P,S,O
P,Sb,O
P,Sc,O
P,Se,O
P,Si,O
P,Sm,O
P,Sn,O
P,Sr,O
P,Ta,O
P,Tb,O
P,Tc,O
P,Te,O
P,Ti,O
P,Tl,O
P,Tm,O
P,V,O
P,W,O
P,Y,O
P,Yb,O
P,Zn,O
P,Zr,O
Pb,Ag,O
Pb,Al,O
Pb,As,O
Pb,Au,O
Pb,B,O
Pb,Ba,O
Pb,Be,O
Pb,Bi,O
Pb,Br,O
Pb,C,O
Pb,Ca,O
Pb,Cd,O
Pb,Ce,O
Pb,Cl,O
Pb,Co,O
Pb,Cr,O
Pb,Cu,O
Pb,Dy,O
Pb,Er,O
Pb,Eu,O
Pb,Fe,O
Pb,Ga,O
Pb,Gd,O
Pb,Ge,O
Pb,Hf,O
Pb,Hg,O
Pb,Ho,O
Pb,I,O
Pb,In,O
Pb,Ir,O
Pb,La,O
Pb,Lu,O
Pb,Mg,O
Pb,Mn,O
Pb,Mo,O
Pb,N,O
Pb,Nb,O
Pb,Nd,O
Pb,Ni,O
Pb,Os,O
Pb,P,O
Pb,Pb,O
Pb,Pd,O
Pb,Pr,O
Pb,Pt,O
Pb,Re,O
Pb,Rh,O
Pb,Ru,O
Pb,S,O
Pb,Sb,O
Pb,Sc,O
Pb,Se,O
Pb,Si,O
Pb,Sm,O
Pb,Sn,O
Pb,Sr,O
Pb,Ta,O
Pb,Tb,O
Pb,Tc,O
Pb,Te,O
Pb,Ti,O
Pb,Tl,O
Pb,Tm,O
Pb,V,O
Pb,W,O
Pb,Y,O
Pb,Yb,O
Pb,Zn,O
Pb,Zr,O
Pd,Ag,O
Pd,Al,O
Pd,As,O
Pd,Au,O
Pd,B,O
Pd,Ba,O
Pd,Be,O
Pd,Bi,O
Pd,Br,O
Pd,C,O
Pd,Ca,O
Pd,Cd,O
Pd,Ce,O
Pd,Cl,O
Pd,Co,O
Pd,Cr,O
Pd,Cu,O
Pd,Dy,O
Pd,Er,O
Pd,Eu,O
Pd,Fe,O
Pd,Ga,O
Pd,Gd,O
Pd,Ge,O
Pd,Hf,O
Pd,Hg,O
Pd,Ho,O
Pd,I,O
Pd,In,O
Pd,Ir,O
Pd,La,O
Pd,Lu,O
Pd,Mg,O
Pd,Mn,O
Pd,Mo,O
Pd,N,O
Pd,Nb,O
Pd,Nd,O
Pd,Ni,O
Pd,Os,O
Pd,P,O
Pd,Pb,O
Pd,Pd,O
Pd,Pr,O
Pd,Pt,O
Pd,Re,O
Pd,Rh,O
Pd,Ru,O
Pd,S,O
Pd,Sb,O
Pd,Sc,O
Pd,Se,O
Pd,Si,O
Pd,Sm,O
Pd,Sn,O
Pd,Sr,O
Pd,Ta,O
Pd,Tb,O
Pd,Tc,O
Pd,Te,O
Pd,Ti,O
Pd,Tl,O
Pd,Tm,O
Pd,V,O
Pd,W,O
Pd,Y,O
Pd,Yb,O
Pd,Zn,O
Pd,Zr,O
Pr,Ag,O
Pr,Al,O
Pr,As,O
Pr,Au,O
Pr,B,O
Pr,Ba,O
Pr,Be,O
Pr,Bi,O
Pr,Br,O
Pr,C,O
Pr,Ca,O
Pr,Cd,O
Pr,Ce,O
Pr,Cl,O
Pr,Co,O
Pr,Cr,O
Pr,Cu,O
Pr,Dy,O
Pr,Er,O
Pr,Eu,O
Pr,Fe,O
Pr,Ga,O
Pr,Gd,O
Pr,Ge,O
Pr,Hf,O
Pr,Hg,O
Pr,Ho,O
Pr,I,O
Pr,In,O
Pr,Ir,O
Pr,La,O
Pr,Lu,O
Pr,Mg,O
Pr,Mn,O
Pr,Mo,O
Pr,N,O
Pr,Nb,O
Pr,Nd,O
Pr,Ni,O
Pr,Os,O
Pr,P,O
Pr,Pb,O
Pr,Pd,O
Pr,Pr,O
Pr,Pt,O
Pr,Re,O
Pr,Rh,O
Pr,Ru,O
Pr,S,O
Pr,Sb,O
Pr,Sc,O
Pr,Se,O
Pr,Si,O
Pr,Sm,O
Pr,Sn,O
Pr,Sr,O
Pr,Ta,O
Pr,Tb,O
Pr,Tc,O
Pr,Te,O
Pr,Ti,O
Pr,Tl,O
Pr,Tm,O
Pr,V,O
Pr,W,O
Pr,Y,O
Pr,Yb,O
Pr,Zn,O
Pr,Zr,O
Pt,Ag,O
Pt,Al,O
Pt,As,O
Pt,Au,O
Pt,B,O
Pt,Ba,O
Pt,Be,O
Pt,Bi,O
Pt,Br,O
Pt,C,O
Pt,Ca,O
Pt,Cd,O
Pt,Ce,O
Pt,Cl,O
Pt,Co,O
Pt,Cr,O
Pt,Cs,O
Pt,Cu,O
Pt,Dy,O
Pt,Er,O
Pt,Eu,O
Pt,Fe,O
Pt,Ga,O
Pt,Gd,O
Pt,Ge,O
Pt,H,O
Pt,Hf,O
Pt,Hg,O
Pt,Ho,O
Pt,I,O
Pt,In,O
Pt,Ir,O
Pt,K,O
Pt,La,O
Pt,Li,O
Pt,Lu,O
Pt,Mg,O
Pt,Mn,O
Pt,Mo,O
Pt,N,O
Pt,Na,O
Pt,Nb,O
Pt,Nd,O
Pt,Ni,O
Pt,Os,O
Pt,P,O
Pt,Pb,O
Pt,Pd,O
Pt,Pr,O
Pt,Pt,O
Pt,Rb,O
Pt,Re,O
Pt,Rh,O
Pt,Ru,O
Pt,S,O
Pt,Sb,O
Pt,Sc,O
Pt,Se,O
Pt,Si,O
Pt,Sm,O
Pt,Sn,O
Pt,Sr,O
Pt,Ta,O
Pt,Tb,O
Pt,Tc,O
Pt,Te,O
Pt,Ti,O
Pt,Tl,O
Pt,Tm,O
Pt,V,O
Pt,W,O
Pt,Y,O
Pt,Yb,O
Pt,Zn,O
Pt,Zr,O
Rb,As,O
Rb,Au,O
Rb,Bi,O
Rb,C,O
Rb,Ce,O
Rb,Cl,O
Rb,Co,O
Rb,Cr,O
Rb,Cu,O
Rb,Dy,O
Rb,Er,O
Rb,Eu,O
Rb,Fe,O
Rb,Ga,O
Rb,Gd,O
Rb,Ge,O
Rb,Hf,O
Rb,Ir,O
Rb,La,O
Rb,Mn,O
Rb,Mo,O
Rb,N,O
Rb,Nb,O
Rb,Nd,O
Rb,Ni,O
Rb,Os,O
Rb,P,O
Rb,Pb,O
Rb,Pd,O
Rb,Pr,O
Rb,Pt,O
Rb,Re,O
Rb,Rh,O
Rb,Ru,O
Rb,S,O
Rb,Sb,O
Rb,Se,O
Rb,Si,O
Rb,Sm,O
Rb,Sn,O
Rb,Ta,O
Rb,Tb,O
Rb,Tc,O
Rb,Te,O
Rb,Ti,O
Rb,V,O
Rb,W,O
Rb,Y,O
Rb,Yb,O
Rb,Zn,O
Rb,Zr,O
Re,Ag,O
Re,Al,O
Re,As,O
Re,Au,O
Re,B,O
Re,Ba,O
Re,Be,O
Re,Bi,O
Re,Br,O
Re,C,O
Re,Ca,O
Re,Cd,O
Re,Ce,O
Re,Cl,O
Re,Co,O
Re,Cr,O
Re,Cs,O
Re,Cu,O
Re,Dy,O
Re,Er,O
Re,Eu,O
Re,Fe,O
Re,Ga,O
Re,Gd,O
Re,Ge,O
Re,H,O
Re,Hf,O
Re,Hg,O
Re,Ho,O
Re,I,O
Re,In,O
Re,Ir,O
Re,K,O
Re,La,O
Re,Li,O
Re,Lu,O
Re,Mg,O
Re,Mn,O
Re,Mo,O
Re,N,O
Re,Na,O
Re,Nb,O
Re,Nd,O
Re,Ni,O
Re,Os,O
Re,P,O
Re,Pb,O
Re,Pd,O
Re,Pr,O
Re,Pt,O
Re,Rb,O
Re,Re,O
Re,Rh,O
Re,Ru,O
Re,S,O
Re,Sb,O
Re,Sc,O
Re,Se,O
Re,Si,O
Re,Sm,O
Re,Sn,O
Re,Sr,O
Re,Ta,O
Re,Tb,O
Re,Tc,O
Re,Te,O
Re,Ti,O
Re,Tl,O
Re,Tm,O
Re,V,O
Re,W,O
Re,Y,O
Re,Yb,O
Re,Zn,O
Re,Zr,O
Rh,Ag,O
Rh,Al,O
Rh,As,O
Rh,Au,O
Rh,B,O
Rh,Ba,O
Rh,Be,O
Rh,Bi,O
Rh,Br,O
Rh,C,O
Rh,Ca,O
Rh,Cd,O
Rh,Ce,O
Rh,Cl,O
Rh,Co,O
Rh,Cr,O
Rh,Cu,O
Rh,Dy,O
Rh,Er,O
Rh,Eu,O
Rh,Fe,O
Rh,Ga,O
Rh,Gd,O
Rh,Ge,O
Rh,Hf,O
Rh,Hg,O
Rh,Ho,O
Rh,I,O
Rh,In,O
Rh,Ir,O
Rh,La,O
Rh,Lu,O
Rh,Mg,O
Rh,Mn,O
Rh,Mo,O
Rh,N,O
Rh,Nb,O
Rh,Nd,O
Rh,Ni,O
Rh,Os,O
Rh,P,O
Rh,Pb,O
Rh,Pd,O
Rh,Pr,O
Rh,Pt,O
Rh,Re,O
Rh,Rh,O
Rh,Ru,O
Rh,S,O
Rh,Sb,O
Rh,Sc,O
Rh,Se,O
Rh,Si,O
Rh,Sm,O
Rh,Sn,O
Rh,Sr,O
Rh,Ta,O
Rh,Tb,O
Rh,Tc,O
Rh,Te,O
Rh,Ti,O
Rh,Tl,O
Rh,Tm,O
Rh,V,O
Rh,W,O
Rh,Y,O
Rh,Yb,O
Rh,Zn,O
Rh,Zr,O
Ru,Ag,O
Ru,Al,O
Ru,As,O
Ru,Au,O
Ru,B,O
Ru,Ba,O
Ru,Be,O
Ru,Bi,O
Ru,Br,O
Ru,C,O
Ru,Ca,O
Ru,Cd,O
Ru,Ce,O
Ru,Cl,O
Ru,Co,O
Ru,Cr,O
Ru,Cs,O
Ru,Cu,O
Ru,Dy,O
Ru,Er,O
Ru,Eu,O
Ru,Fe,O
Ru,Ga,O
Ru,Gd,O
Ru,Ge,O
Ru,H,O
Ru,Hf,O
Ru,Hg,O
Ru,Ho,O
Ru,I,O
Ru,In,O
Ru,Ir,O
Ru,K,O
Ru,La,O
Ru,Li,O
Ru,Lu,O
Ru,Mg,O
Ru,Mn,O
Ru,Mo,O
Ru,N,O
Ru,Na,O
Ru,Nb,O
Ru,Nd,O
Ru,Ni,O
Ru,Os,O
Ru,P,O
Ru,Pb,O
Ru,Pd,O
Ru,Pr,O
Ru,Pt,O
Ru,Rb,O
Ru,Re,O
Ru,Rh,O
Ru,Ru,O
Ru,S,O
Ru,Sb,O
Ru,Sc,O
Ru,Se,O
Ru,Si,O
Ru,Sm,O
Ru,Sn,O
Ru,Sr,O
Ru,Ta,O
Ru,Tb,O
Ru,Tc,O
Ru,Te,O
Ru,Ti,O
Ru,Tl,O
Ru,Tm,O
Ru,V,O
Ru,W,O
Ru,Y,O
Ru,Yb,O
Ru,Zn,O
Ru,Zr,O
S,Ag,O
S,Al,O
S,As,O
S,Au,O
S,B,O
S,Ba,O
S,Be,O
S,Bi,O
S,Br,O
S,C,O
S,Ca,O
S,Cd,O
S,Ce,O
S,Cl,O
S,Co,O
S,Cr,O
S,Cs,O
S,Cu,O
S,Dy,O
S,Er,O
S,Eu,O
S,Fe,O
S,Ga,O
S,Gd,O
S,Ge,O
S,H,O
S,Hf,O
S,Hg,O
S,Ho,O
S,I,O
S,In,O
S,Ir,O
S,K,O
S,La,O
S,Li,O
S,Lu,O
S,Mg,O
S,Mn,O
S,Mo,O
S,N,O
S,Na,O
S,Nb,O
S,Nd,O
S,Ni,O
S,Os,O
S,P,O
S,Pb,O
S,Pd,O
S,Pr,O
S,Pt,O
S,Rb,O
S,Re,O
S,Rh,O
S,Ru,O
S,S,O
S,Sb,O
S,Sc,O
S,Se,O
S,Si,O
S,Sm,O
S,Sn,O
S,Sr,O
S,Ta,O
S,Tb,O
S,Tc,O
S,Te,O
S,Ti,O
S,Tl,O
S,Tm,O
S,V,O
S,W,O
S,Y,O
S,Yb,O
S,Zn,O
S,Zr,O
Sb,Ag,O
Sb,Al,O
Sb,As,O
Sb,Au,O
Sb,B,O
Sb,Ba,O
Sb,Be,O
Sb,Bi,O
Sb,Br,O
Sb,C,O
Sb,Ca,O
Sb,Cd,O
Sb,Ce,O
Sb,Cl,O
Sb,Co,O
Sb,Cr,O
Sb,Cu,O
Sb,Dy,O
Sb,Er,O
Sb,Eu,O
Sb,Fe,O
Sb,Ga,O
Sb,Gd,O
Sb,Ge,O
Sb,Hf,O
Sb,Hg,O
Sb,Ho,O
Sb,I,O
Sb,In,O
Sb,Ir,O
Sb,La,O
Sb,Lu,O
Sb,Mg,O
Sb,Mn,O
Sb,Mo,O
Sb,N,O
Sb,Nb,O
Sb,Nd,O
Sb,Ni,O
Sb,Os,O
Sb,P,O
Sb,Pb,O
Sb,Pd,O
Sb,Pr,O
Sb,Pt,O
Sb,Re,O
Sb,Rh,O
Sb,Ru,O
Sb,S,O
Sb,Sb,O
Sb,Sc,O
Sb,Se,O
Sb,Si,O
Sb,Sm,O
Sb,Sn,O
Sb,Sr,O
Sb,Ta,O
Sb,Tb,O
Sb,Tc,O
Sb,Te,O
Sb,Ti,O
Sb,Tl,O
Sb,Tm,O
Sb,V,O
Sb,W,O
Sb,Y,O
Sb,Yb,O
Sb,Zn,O
Sb,Zr,O
Sc,Ag,O
Sc,Al,O
Sc,As,O
Sc,Au,O
Sc,B,O
Sc,Bi,O
Sc,Br,O
Sc,C,O
Sc,Ce,O
Sc,Cl,O
Sc,Co,O
Sc,Cr,O
Sc,Cu,O
Sc,Dy,O
Sc,Er,O
Sc,Eu,O
Sc,Fe,O
Sc,Ga,O
Sc,Gd,O
Sc,Ge,O
Sc,Hf,O
Sc,Ho,O
Sc,I,O
Sc,In,O
Sc,Ir,O
Sc,La,O
Sc,Lu,O
Sc,Mn,O
Sc,Mo,O
Sc,N,O
Sc,Nb,O
Sc,Nd,O
Sc,Ni,O
Sc,Os,O
Sc,P,O
Sc,Pb,O
Sc,Pd,O
Sc,Pr,O
Sc,Pt,O
Sc,Re,O
Sc,Rh,O
Sc,Ru,O
Sc,S,O
Sc,Sb,O
Sc,Sc,O
Sc,Se,O
Sc,Si,O
Sc,Sm,O
Sc,Sn,O
Sc,Sr,O
Sc,Ta,O
Sc,Tb,O
Sc,Tc,O
Sc,Te,O
Sc,Ti,O
Sc,Tl,O
Sc,Tm,O
Sc,V,O
Sc,W,O
Sc,Y,O
Sc,Yb,O
Sc,Zn,O
Sc,Zr,O
Se,Ag,O
Se,Al,O
Se,As,O
Se,Au,O
Se,B,O
Se,Ba,O
Se,Be,O
Se,Bi,O
Se,Br,O
Se,C,O
Se,Ca,O
Se,Cd,O
Se,Ce,O
Se,Cl,O
Se,Co,O
Se,Cr,O
Se,Cs,O
Se,Cu,O
Se,Dy,O
Se,Er,O
Se,Eu,O
Se,Fe,O
Se,Ga,O
Se,Gd,O
Se,Ge,O
Se,H,O
Se,Hf,O
Se,Hg,O
Se,Ho,O
Se,I,O
Se,In,O
Se,Ir,O
Se,K,O
Se,La,O
Se,Li,O
Se,Lu,O
Se,Mg,O
Se,Mn,O
Se,Mo,O
Se,N,O
Se,Na,O
Se,Nb,O
Se,Nd,O
Se,Ni,O
Se,Os,O
Se,P,O
Se,Pb,O
Se,Pd,O
Se,Pr,O
Se,Pt,O
Se,Rb,O
Se,Re,O
Se,Rh,O
Se,Ru,O
Se,S,O
Se,Sb,O
Se,Sc,O
Se,Se,O
Se,Si,O
Se,Sm,O
Se,Sn,O
Se,Sr,O
Se,Ta,O
Se,Tb,O
Se,Tc,O
Se,Te,O
Se,Ti,O
Se,Tl,O
Se,Tm,O
Se,V,O
Se,W,O
Se,Y,O
Se,Yb,O
Se,Zn,O
Se,Zr,O
Si,Ag,O
Si,Al,O
Si,As,O
Si,Au,O
Si,B,O
Si,Ba,O
Si,Be,O
Si,Bi,O
Si,Br,O
Si,C,O
Si,Ca,O
Si,Cd,O
Si,Ce,O
Si,Cl,O
Si,Co,O
Si,Cr,O
Si,Cu,O
Si,Dy,O
Si,Er,O
Si,Eu,O
Si,Fe,O
Si,Ga,O
Si,Gd,O
Si,Ge,O
Si,Hf,O
Si,Hg,O
Si,Ho,O
Si,I,O
Si,In,O
Si,Ir,O
Si,La,O
Si,Lu,O
Si,Mg,O
Si,Mn,O
Si,Mo,O
Si,N,O
Si,Nb,O
Si,Nd,O
Si,Ni,O
Si,Os,O
Si,P,O
Si,Pb,O
Si,Pd,O
Si,Pr,O
Si,Pt,O
Si,Re,O
Si,Rh,O
Si,Ru,O
Si,S,O
Si,Sb,O
Si,Sc,O
Si,Se,O
Si,Si,O
Si,Sm,O
Si,Sn,O
Si,Sr,O
Si,Ta,O
Si,Tb,O
Si,Tc,O
Si,Te,O
Si,Ti,O
Si,Tl,O
Si,Tm,O
Si,V,O
Si,W,O
Si,Y,O
Si,Yb,O
Si,Zn,O
Si,Zr,O
Sm,Ag,O
Sm,Al,O
Sm,As,O
Sm,Au,O
Sm,B,O
Sm,Ba,O
Sm,Be,O
Sm,Bi,O
Sm,Br,O
Sm,C,O
Sm,Ca,O
Sm,Cd,O
Sm,Ce,O
Sm,Cl,O
Sm,Co,O
Sm,Cr,O
Sm,Cu,O
Sm,Dy,O
Sm,Er,O
Sm,Eu,O
Sm,Fe,O
Sm,Ga,O
Sm,Gd,O
Sm,Ge,O
Sm,Hf,O
Sm,Hg,O
Sm,Ho,O
Sm,I,O
Sm,In,O
Sm,Ir,O
Sm,La,O
Sm,Lu,O
Sm,Mg,O
Sm,Mn,O
Sm,Mo,O
Sm,N,O
Sm,Nb,O
Sm,Nd,O
Sm,Ni,O
Sm,Os,O
Sm,P,O
Sm,Pb,O
Sm,Pd,O
Sm,Pr,O
Sm,Pt,O
Sm,Re,O
Sm,Rh,O
Sm,Ru,O
Sm,S,O
Sm,Sb,O
Sm,Sc,O
Sm,Se,O
Sm,Si,O
Sm,Sm,O
Sm,Sn,O
Sm,Sr,O
Sm,Ta,O
Sm,Tb,O
Sm,Tc,O
Sm,Te,O
Sm,Ti,O
Sm,Tl,O
Sm,Tm,O
Sm,V,O
Sm,W,O
Sm,Y,O
Sm,Yb,O
Sm,Zn,O
Sm,Zr,O
Sn,Ag,O
Sn,Al,O
Sn,As,O
Sn,Au,O
Sn,B,O
Sn,Ba,O
Sn,Be,O
Sn,Bi,O
Sn,Br,O
Sn,C,O
Sn,Ca,O
Sn,Cd,O
Sn,Ce,O
Sn,Cl,O
Sn,Co,O
Sn,Cr,O
Sn,Cu,O
Sn,Dy,O
Sn,Er,O
Sn,Eu,O
Sn,Fe,O
Sn,Ga,O
Sn,Gd,O
Sn,Ge,O
Sn,Hf,O
Sn,Hg,O
Sn,Ho,O
Sn,I,O
Sn,In,O
Sn,Ir,O
Sn,La,O
Sn,Lu,O
Sn,Mg,O
Sn,Mn,O
Sn,Mo,O
Sn,N,O
Sn,Nb,O
Sn,Nd,O
Sn,Ni,O
Sn,Os,O
Sn,P,O
Sn,Pb,O
Sn,Pd,O
Sn,Pr,O
Sn,Pt,O
Sn,Re,O
Sn,Rh,O
Sn,Ru,O
Sn,S,O
Sn,Sb,O
Sn,Sc,O
Sn,Se,O
Sn,Si,O
Sn,Sm,O
Sn,Sn,O
Sn,Sr,O
Sn,Ta,O
Sn,Tb,O
Sn,Tc,O
Sn,Te,O
Sn,Ti,O
Sn,Tl,O
Sn,Tm,O
Sn,V,O
Sn,W,O
Sn,Y,O
Sn,Yb,O
Sn,Zn,O
Sn,Zr,O
Sr,Ag,O
Sr,Al,O
Sr,As,O
Sr,Au,O
Sr,B,O
Sr,Ba,O
Sr,Be,O
Sr,Bi,O
Sr,Br,O
Sr,C,O
Sr,Ca,O
Sr,Cd,O
Sr,Ce,O
Sr,Cl,O
Sr,Co,O
Sr,Cr,O
Sr,Cu,O
Sr,Dy,O
Sr,Er,O
Sr,Eu,O
Sr,Fe,O
Sr,Ga,O
Sr,Gd,O
Sr,Ge,O
Sr,Hf,O
Sr,Hg,O
Sr,Ho,O
Sr,I,O
Sr,In,O
Sr,Ir,O
Sr,La,O
Sr,Lu,O
Sr,Mg,O
Sr,Mn,O
Sr,Mo,O
Sr,N,O
Sr,Nb,O
Sr,Nd,O
Sr,Ni,O
Sr,Os,O
Sr,P,O
Sr,Pb,O
Sr,Pd,O
Sr,Pr,O
Sr,Pt,O
Sr,Re,O
Sr,Rh,O
Sr,Ru,O
Sr,S,O
Sr,Sb,O
Sr,Sc,O
Sr,Se,O
Sr,Si,O
Sr,Sm,O
Sr,Sn,O
Sr,Sr,O
Sr,Ta,O
Sr,Tb,O
Sr,Tc,O
Sr,Te,O
Sr,Ti,O
Sr,Tl,O
Sr,Tm,O
Sr,V,O
Sr,W,O
Sr,Y,O
Sr,Yb,O
Sr,Zn,O
Sr,Zr,O
Ta,Ag,O
Ta,Al,O
Ta,As,O
Ta,Au,O
Ta,B,O
Ta,Ba,O
Ta,Be,O
Ta,Bi,O
Ta,Br,O
Ta,C,O
Ta,Ca,O
Ta,Cd,O
Ta,Ce,O
Ta,Cl,O
Ta,Co,O
Ta,Cr,O
Ta,Cs,O
Ta,Cu,O
Ta,Dy,O
Ta,Er,O
Ta,Eu,O
Ta,Fe,O
Ta,Ga,O
Ta,Gd,O
Ta,Ge,O
Ta,H,O
Ta,Hf,O
Ta,Hg,O
Ta,Ho,O
Ta,I,O
Ta,In,O
Ta,Ir,O
Ta,K,O
Ta,La,O
Ta,Li,O
Ta,Lu,O
Ta,Mg,O
Ta,Mn,O
Ta,Mo,O
Ta,N,O
Ta,Na,O
Ta,Nb,O
Ta,Nd,O
Ta,Ni,O
Ta,Os,O
Ta,P,O
Ta,Pb,O
Ta,Pd,O
Ta,Pr,O
Ta,Pt,O
Ta,Rb,O
Ta,Re,O
Ta,Rh,O
Ta,Ru,O
Ta,S,O
Ta,Sb,O
Ta,Sc,O
Ta,Se,O
Ta,Si,O
Ta,Sm,O
Ta,Sn,O
Ta,Sr,O
Ta,Ta,O
Ta,Tb,O
Ta,Tc,O
Ta,Te,O
Ta,Ti,O
Ta,Tl,O
Ta,Tm,O
Ta,V,O
Ta,W,O
Ta,Y,O
Ta,Yb,O
Ta,Zn,O
Ta,Zr,O
Tb,Ag,O
Tb,Al,O
Tb,As,O
Tb,Au,O
Tb,B,O
Tb,Ba,O
Tb,Be,O
Tb,Bi,O
Tb,Br,O
Tb,C,O
Tb,Ca,O
Tb,Cd,O
Tb,Ce,O
Tb,Cl,O
Tb,Co,O
Tb,Cr,O
Tb,Cu,O
Tb,Dy,O
Tb,Er,O
Tb,Eu,O
Tb,Fe,O
Tb,Ga,O
Tb,Gd,O
Tb,Ge,O
Tb,Hf,O
Tb,Hg,O
Tb,Ho,O
Tb,I,O
Tb,In,O
Tb,Ir,O
Tb,La,O
Tb,Lu,O
Tb,Mg,O
Tb,Mn,O
Tb,Mo,O
Tb,N,O
Tb,Nb,O
Tb,Nd,O
Tb,Ni,O
Tb,Os,O
Tb,P,O
Tb,Pb,O
Tb,Pd,O
Tb,Pr,O
Tb,Pt,O
Tb,Re,O
Tb,Rh,O
Tb,Ru,O
Tb,S,O
Tb,Sb,O
Tb,Sc,O
Tb,Se,O
Tb,Si,O
Tb,Sm,O
Tb,Sn,O
Tb,Sr,O
Tb,Ta,O
Tb,Tb,O
Tb,Tc,O
Tb,Te,O
Tb,Ti,O
Tb,Tl,O
Tb,Tm,O
Tb,V,O
Tb,W,O
Tb,Y,O
Tb,Yb,O
Tb,Zn,O
Tb,Zr,O
Tc,Ag,O
Tc,Al,O
Tc,As,O
Tc,Au,O
Tc,B,O
Tc,Ba,O
Tc,Be,O
Tc,Bi,O
Tc,Br,O
Tc,C,O
Tc,Ca,O
Tc,Cd,O
Tc,Ce,O
Tc,Cl,O
Tc,Co,O
Tc,Cr,O
Tc,Cs,O
Tc,Cu,O
Tc,Dy,O
Tc,Er,O
Tc,Eu,O
Tc,Fe,O
Tc,Ga,O
Tc,Gd,O
Tc,Ge,O
Tc,H,O
Tc,Hf,O
Tc,Hg,O
Tc,Ho,O
Tc,I,O
Tc,In,O
Tc,Ir,O
Tc,K,O
Tc,La,O
Tc,Li,O
Tc,Lu,O
Tc,Mg,O
Tc,Mn,O
Tc,Mo,O
Tc,N,O
Tc,Na,O
Tc,Nb,O
Tc,Nd,O
Tc,Ni,O
Tc,Os,O
Tc,P,O
Tc,Pb,O
Tc,Pd,O
Tc,Pr,O
Tc,Pt,O
Tc,Rb,O
Tc,Re,O
Tc,Rh,O
Tc,Ru,O
Tc,S,O
Tc,Sb,O
Tc,Sc,O
Tc,Se,O
Tc,Si,O
Tc,Sm,O
Tc,Sn,O
Tc,Sr,O
Tc,Ta,O
Tc,Tb,O
Tc,Tc,O
Tc,Te,O
Tc,Ti,O
Tc,Tl,O
Tc,Tm,O
Tc,V,O
Tc,W,O
Tc,Y,O
Tc,Yb,O
Tc,Zn,O
Tc,Zr,O
Te,Ag,O
Te,Al,O
Te,As,O
Te,Au,O
Te,B,O
Te,Ba,O
Te,Be,O
Te,Bi,O
Te,Br,O
Te,C,O
Te,Ca,O
Te,Cd,O
Te,Ce,O
Te,Cl,O
Te,Co,O
Te,Cr,O
Te,Cs,O
Te,Cu,O
Te,Dy,O
Te,Er,O
Te,Eu,O
Te,Fe,O
Te,Ga,O
Te,Gd,O
Te,Ge,O
Te,H,O
Te,Hf,O
Te,Hg,O
Te,Ho,O
Te,I,O
Te,In,O
Te,Ir,O
Te,K,O
Te,La,O
Te,Li,O
Te,Lu,O
Te,Mg,O
Te,Mn,O
Te,Mo,O
Te,N,O
Te,Na,O
Te,Nb,O
Te,Nd,O
Te,Ni,O
Te,Os,O
Te,P,O
Te,Pb,O
Te,Pd,O
Te,Pr,O
Te,Pt,O
Te,Rb,O
Te,Re,O
Te,Rh,O
Te,Ru,O
Te,S,O
Te,Sb,O
Te,Sc,O
Te,Se,O
Te,Si,O
Te,Sm,O
Te,Sn,O
Te,Sr,O
Te,Ta,O
Te,Tb,O
Te,Tc,O
Te,Te,O
Te,Ti,O
Te,Tl,O
Te,Tm,O
Te,V,O
Te,W,O
Te,Y,O
Te,Yb,O
Te,Zn,O
Te,Zr,O
Ti,Ag,O
Ti,Al,O
Ti,As,O
Ti,Au,O
Ti,B,O
Ti,Ba,O
Ti,Be,O
Ti,Bi,O
Ti,Br,O
Ti,C,O
Ti,Ca,O
Ti,Cd,O
Ti,Ce,O
Ti,Cl,O
Ti,Co,O
Ti,Cr,O
Ti,Cu,O
Ti,Dy,O
Ti,Er,O
Ti,Eu,O
Ti,Fe,O
Ti,Ga,O
Ti,Gd,O
Ti,Ge,O
Ti,Hf,O
Ti,Hg,O
Ti,Ho,O
Ti,I,O
Ti,In,O
Ti,Ir,O
Ti,La,O
Ti,Lu,O
Ti,Mg,O
Ti,Mn,O
Ti,Mo,O
Ti,N,O
Ti,Nb,O
Ti,Nd,O
Ti,Ni,O
Ti,Os,O
Ti,P,O
Ti,Pb,O
Ti,Pd,O
Ti,Pr,O
Ti,Pt,O
Ti,Re,O
Ti,Rh,O
Ti,Ru,O
Ti,S,O
Ti,Sb,O
Ti,Sc,O
Ti,Se,O
Ti,Si,O
Ti,Sm,O
Ti,Sn,O
Ti,Sr,O
Ti,Ta,O
Ti,Tb,O
Ti,Tc,O
Ti,Te,O
Ti,Ti,O
Ti,Tl,O
Ti,Tm,O
Ti,V,O
Ti,W,O
Ti,Y,O
Ti,Yb,O
Ti,Zn,O
Ti,Zr,O
Tl,Ag,O
Tl,Al,O
Tl,As,O
Tl,Au,O
Tl,B,O
Tl,Bi,O
Tl,Br,O
Tl,C,O
Tl,Ce,O
Tl,Cl,O
Tl,Co,O
Tl,Cr,O
Tl,Cu,O
Tl,Dy,O
Tl,Er,O
Tl,Eu,O
Tl,Fe,O
Tl,Ga,O
Tl,Gd,O
Tl,Ge,O
Tl,Hf,O
Tl,Ho,O
Tl,I,O
Tl,In,O
Tl,Ir,O
Tl,La,O
Tl,Lu,O
Tl,Mn,O
Tl,Mo,O
Tl,N,O
Tl,Nb,O
Tl,Nd,O
Tl,Ni,O
Tl,Os,O
Tl,P,O
Tl,Pb,O
Tl,Pd,O
Tl,Pr,O
Tl,Pt,O
Tl,Re,O
Tl,Rh,O
Tl,Ru,O
Tl,S,O
Tl,Sb,O
Tl,Sc,O
Tl,Se,O
Tl,Si,O
Tl,Sm,O
Tl,Sn,O
Tl,Sr,O
Tl,Ta,O
Tl,Tb,O
Tl,Tc,O
Tl,Te,O
Tl,Ti,O
Tl,Tl,O
Tl,Tm,O
Tl,V,O
Tl,W,O
Tl,Y,O
Tl,Yb,O
Tl,Zn,O
Tl,Zr,O
Tm,Ag,O
Tm,Al,O
Tm,As,O
Tm,Au,O
Tm,B,O
Tm,Bi,O
Tm,Br,O
Tm,C,O
Tm,Ce,O
Tm,Cl,O
Tm,Co,O
Tm,Cr,O
Tm,Cu,O
Tm,Dy,O
Tm,Er,O
Tm,Eu,O
Tm,Fe,O
Tm,Ga,O
Tm,Gd,O
Tm,Ge,O
Tm,Hf,O
Tm,Ho,O
Tm,I,O
Tm,In,O
Tm,Ir,O
Tm,La,O
Tm,Lu,O
Tm,Mn,O
Tm,Mo,O
Tm,N,O
Tm,Nb,O
Tm,Nd,O
Tm,Ni,O
Tm,Os,O
Tm,P,O
Tm,Pb,O
Tm,Pd,O
Tm,Pr,O
Tm,Pt,O
Tm,Re,O
Tm,Rh,O
Tm,Ru,O
Tm,S,O
Tm,Sb,O
Tm,Sc,O
Tm,Se,O
Tm,Si,O
Tm,Sm,O
Tm,Sn,O
Tm,Sr,O
Tm,Ta,O
Tm,Tb,O
Tm,Tc,O
Tm,Te,O
Tm,Ti,O
Tm,Tl,O
Tm,Tm,O
Tm,V,O
Tm,W,O
Tm,Y,O
Tm,Yb,O
Tm,Zn,O
Tm,Zr,O
V,Ag,O
V,Al,O
V,As,O
V,Au,O
V,B,O
V,Ba,O
V,Be,O
V,Bi,O
V,Br,O
V,C,O
V,Ca,O
V,Cd,O
V,Ce,O
V,Cl,O
V,Co,O
V,Cr,O
V,Cu,O
V,Dy,O
V,Er,O
V,Eu,O
V,Fe,O
V,Ga,O
V,Gd,O
V,Ge,O
V,Hf,O
V,Hg,O
V,Ho,O
V,I,O
V,In,O
V,Ir,O
V,La,O
V,Lu,O
V,Mg,O
V,Mn,O
V,Mo,O
V,N,O
V,Nb,O
V,Nd,O
V,Ni,O
V,Os,O
V,P,O
V,Pb,O
V,Pd,O
V,Pr,O
V,Pt,O
V,Re,O
V,Rh,O
V,Ru,O
V,S,O
V,Sb,O
V,Sc,O
V,Se,O
V,Si,O
V,Sm,O
V,Sn,O
V,Sr,O
V,Ta,O
V,Tb,O
V,Tc,O
V,Te,O
V,Ti,O
V,Tl,O
V,Tm,O
V,V,O
V,W,O
V,Y,O
V,Yb,O
V,Zn,O
V,Zr,O
W,Ag,O
W,Al,O
W,As,O
W,Au,O
W,B,O
W,Ba,O
W,Be,O
W,Bi,O
W,Br,O
W,C,O
W,Ca,O
W,Cd,O
W,Ce,O
W,Cl,O
W,Co,O
W,Cr,O
W,Cs,O
W,Cu,O
W,Dy,O
W,Er,O
W,Eu,O
W,Fe,O
W,Ga,O
W,Gd,O
W,Ge,O
W,H,O
W,Hf,O
W,Hg,O
W,Ho,O
W,I,O
W,In,O
W,Ir,O
W,K,O
W,La,O
W,Li,O
W,Lu,O
W,Mg,O
W,Mn,O
W,Mo,O
W,N,O
W,Na,O
W,Nb,O
W,Nd,O
W,Ni,O
W,Os,O
W,P,O
W,Pb,O
W,Pd,O
W,Pr,O
W,Pt,O
W,Rb,O
W,Re,O
W,Rh,O
W,Ru,O
W,S,O
W,Sb,O
W,Sc,O
W,Se,O
W,Si,O
W,Sm,O
W,Sn,O
W,Sr,O
W,Ta,O
W,Tb,O
W,Tc,O
W,Te,O
W,Ti,O
W,Tl,O
W,Tm,O
W,V,O
W,W,O
W,Y,O
W,Yb,O
W,Zn,O
W,Zr,O
Y,Ag,O
Y,Al,O
Y,As,O
Y,Au,O
Y,B,O
Y,Ba,O
Y,Be,O
Y,Bi,O
Y,Br,O
Y,C,O
Y,Ca,O
Y,Cd,O
Y,Ce,O
Y,Cl,O
Y,Co,O
Y,Cr,O
Y,Cu,O
Y,Dy,O
Y,Er,O
Y,Eu,O
Y,Fe,O
Y,Ga,O
Y,Gd,O
Y,Ge,O
Y,Hf,O
Y,Hg,O
Y,Ho,O
Y,I,O
Y,In,O
Y,Ir,O
Y,La,O
Y,Lu,O
Y,Mg,O
Y,Mn,O
Y,Mo,O
Y,N,O
Y,Nb,O
Y,Nd,O
Y,Ni,O
Y,Os,O
Y,P,O
Y,Pb,O
Y,Pd,O
Y,Pr,O
Y,Pt,O
Y,Re,O
Y,Rh,O
Y,Ru,O
Y,S,O
Y,Sb,O
Y,Sc,O
Y,Se,O
Y,Si,O
Y,Sm,O
Y,Sn,O
Y,Sr,O
Y,Ta,O
Y,Tb,O
Y,Tc,O
Y,Te,O
Y,Ti,O
Y,Tl,O
Y,Tm,O
Y,V,O
Y,W,O
Y,Y,O
Y,Yb,O
Y,Zn,O
Y,Zr,O
Yb,Ag,O
Yb,Al,O
Yb,As,O
Yb,Au,O
Yb,B,O
Yb,Ba,O
Yb,Be,O
Yb,Bi,O
Yb,Br,O
Yb,C,O
Yb,Ca,O
Yb,Cd,O
Yb,Ce,O
Yb,Cl,O
Yb,Co,O
Yb,Cr,O
Yb,Cu,O
Yb,Dy,O
Yb,Er,O
Yb,Eu,O
Yb,Fe,O
Yb,Ga,O
Yb,Gd,O
Yb,Ge,O
Yb,Hf,O
Yb,Hg,O
Yb,Ho,O
Yb,I,O
Yb,In,O
Yb,Ir,O
Yb,La,O
Yb,Lu,O
Yb,Mg,O
Yb,Mn,O
Yb,Mo,O
Yb,N,O
Yb,Nb,O
Yb,Nd,O
Yb,Ni,O
Yb,Os,O
Yb,P,O
Yb,Pb,O
Yb,Pd,O
Yb,Pr,O
Yb,Pt,O
Yb,Re,O
Yb,Rh,O
Yb,Ru,O
Yb,S,O
Yb,Sb,O
Yb,Sc,O
Yb,Se,O
Yb,Si,O
Yb,Sm,O
Yb,Sn,O
Yb,Sr,O
Yb,Ta,O
Yb,Tb,O
Yb,Tc,O
Yb,Te,O
Yb,Ti,O
Yb,Tl,O
Yb,Tm,O
Yb,V,O
Yb,W,O
Yb,Y,O
Yb,Yb,O
Yb,Zn,O
Yb,Zr,O
Zn,Ag,O
Zn,Al,O
Zn,As,O
Zn,Au,O
Zn,B,O
Zn,Ba,O
Zn,Be,O
Zn,Bi,O
Zn,Br,O
Zn,C,O
Zn,Ca,O
Zn,Cd,O
Zn,Ce,O
Zn,Cl,O
Zn,Co,O
Zn,Cr,O
Zn,Cu,O
Zn,Dy,O
Zn,Er,O
Zn,Eu,O
Zn,Fe,O
Zn,Ga,O
Zn,Gd,O
Zn,Ge,O
Zn,Hf,O
Zn,Hg,O
Zn,Ho,O
Zn,I,O
Zn,In,O
Zn,Ir,O
Zn,La,O
Zn,Lu,O
Zn,Mg,O
Zn,Mn,O
Zn,Mo,O
Zn,N,O
Zn,Nb,O
Zn,Nd,O
Zn,Ni,O
Zn,Os,O
Zn,P,O
Zn,Pb,O
Zn,Pd,O
Zn,Pr,O
Zn,Pt,O
Zn,Re,O
Zn,Rh,O
Zn,Ru,O
Zn,S,O
Zn,Sb,O
Zn,Sc,O
Zn,Se,O
Zn,Si,O
Zn,Sm,O
Zn,Sn,O
Zn,Sr,O
Zn,Ta,O
Zn,Tb,O
Zn,Tc,O
Zn,Te,O
Zn,Ti,O
Zn,Tl,O
Zn,Tm,O
Zn,V,O
Zn,W,O
Zn,Y,O
Zn,Yb,O
Zn,Zn,O
Zn,Zr,O
Zr,Ag,O
Zr,Al,O
Zr,As,O
Zr,Au,O
Zr,B,O
Zr,Ba,O
Zr,Be,O
Zr,Bi,O
Zr,Br,O
Zr,C,O
Zr,Ca,O
Zr,Cd,O
Zr,Ce,O
Zr,Cl,O
Zr,Co,O
Zr,Cr,O
Zr,Cu,O
Zr,Dy,O
Zr,Er,O
Zr,Eu,O
Zr,Fe,O
Zr,Ga,O
Zr,Gd,O
Zr,Ge,O
Zr,Hf,O
Zr,Hg,O
Zr,Ho,O
Zr,I,O
Zr,In,O
Zr,Ir,O
Zr,La,O
Zr,Lu,O
Zr,Mg,O
Zr,Mn,O
Zr,Mo,O
Zr,N,O
Zr,Nb,O
Zr,Nd,O
Zr,Ni,O
Zr,Os,O
Zr,P,O
Zr,Pb,O
Zr,Pd,O
Zr,Pr,O
Zr,Pt,O
Zr,Re,O
Zr,Rh,O
Zr,Ru,O
Zr,S,O
Zr,Sb,O
Zr,Sc,O
Zr,Se,O
Zr,Si,O
Zr,Sm,O
Zr,Sn,O
Zr,Sr,O
Zr,Ta,O
Zr,Tb,O
Zr,Tc,O
Zr,Te,O
Zr,Ti,O
Zr,Tl,O
Zr,Tm,O
Zr,V,O
Zr,W,O
Zr,Y,O
Zr,Yb,O
Zr,Zn,O
Zr,Zr,O
