Ag,C,O
Ag,Ce,O
Ag,Ir,O
Ag,Mn,O
Ag,Os,O
Ag,Re,O
Ag,Rh,O
Ag,Ru,O
Ag,Tc,O
Ag,V,O
Al,C,O
Al,Co,O
Al,Eu,O
Al,Fe,O
Al,Mn,O
Al,Ni,O
Al,Rh,O
Al,Ru,O
Al,Yb,O
As,C,O
As,Co,O
As,Cu,O
As,Eu,O
As,Fe,O
As,Mn,O
As,Ni,O
As,Rh,O
As,Ru,O
As,Yb,O
Au,C,O
Au,Ce,O
Au,Co,O
Au,Eu,O
Au,Fe,O
Au,Ir,O
Au,Mn,O
Au,Ni,O
Au,Os,O
Au,Re,O
Au,Rh,O
Au,Ru,O
Au,Tc,O
Au,V,O
Au,Yb,O
B,C,O
B,Co,O
B,Eu,O
B,Fe,O
B,Mn,O
B,Ni,O
B,Rh,O
B,Ru,O
B,Yb,O
Ba,Al,O
Ba,As,O
Ba,Au,O
Ba,B,O
Ba,Bi,O
Ba,C,O
Ba,Ce,O
Ba,Co,O
Ba,Cr,O
Ba,Dy,O
Ba,Er,O
Ba,Eu,O
Ba,Fe,O
Ba,Ga,O
Ba,Gd,O
Ba,Ho,O
Ba,In,O
Ba,Ir,O
Ba,La,O
Ba,Lu,O
Ba,Mn,O
Ba,Nd,O
Ba,Ni,O
Ba,Os,O
Ba,Pd,O
Ba,Pr,O
Ba,Pt,O
Ba,Re,O
Ba,Rh,O
Ba,Ru,O
Ba,Sb,O
Ba,Sc,O
Ba,Sm,O
Ba,Sn,O
Ba,Tb,O
Ba,Tc,O
Ba,Tl,O
Ba,Tm,O
Ba,V,O
Ba,Y,O
Ba,Yb,O
Be,Al,O
Be,As,O
Be,Au,O
Be,B,O
Be,Bi,O
Be,C,O
Be,Ce,O
Be,Co,O
Be,Cr,O
Be,Dy,O
Be,Er,O
Be,Eu,O
Be,Fe,O
Be,Ga,O
Be,Gd,O
Be,Ho,O
Be,In,O
Be,Ir,O
Be,La,O
Be,Lu,O
Be,Mn,O
Be,Nd,O
Be,Ni,O
Be,Os,O
Be,Pd,O
Be,Pr,O
Be,Pt,O
Be,Re,O
Be,Rh,O
Be,Ru,O
Be,Sb,O
Be,Sc,O
Be,Sm,O
Be,Sn,O
Be,Tb,O
Be,Tc,O
Be,Tl,O
Be,Tm,O
Be,V,O
Be,Y,O
Be,Yb,O
Bi,C,O
Bi,Co,O
Bi,Eu,O
Bi,Fe,O
Bi,Mn,O
Bi,Ni,O
Bi,Rh,O
Bi,Ru,O
Bi,Yb,O
C,Al,O
C,As,O
C,Au,O
C,B,O
C,Ba,O
C,Be,O
C,Bi,O
C,C,O
C,Ca,O
C,Cd,O
C,Ce,O
C,Co,O
C,Cr,O
C,Cu,O
C,Dy,O
C,Er,O
C,Eu,O
C,Fe,O
C,Ga,O
C,Gd,O
C,Hg,O
C,Ho,O
C,In,O
C,Ir,O
C,La,O
C,Lu,O
C,Mg,O
C,Mn,O
C,Nd,O
C,Ni,O
C,Os,O
C,Pb,O
C,Pd,O
C,Pr,O
C,Pt,O
C,Re,O
C,Rh,O
C,Ru,O
C,Sb,O
C,Sc,O
C,Sm,O
C,Sn,O
C,Sr,O
C,Tb,O
C,Tc,O
C,Tl,O
C,Tm,O
C,V,O
C,Y,O
C,Yb,O
C,Zn,O
Ca,Al,O
Ca,As,O
Ca,Au,O
Ca,B,O
Ca,Bi,O
Ca,C,O
Ca,Ce,O
Ca,Co,O
Ca,Cr,O
Ca,Dy,O
Ca,Er,O
Ca,Eu,O
Ca,Fe,O
Ca,Ga,O
Ca,Gd,O
Ca,Ho,O
Ca,In,O
Ca,Ir,O
Ca,La,O
Ca,Lu,O
Ca,Mn,O
Ca,Nd,O
Ca,Ni,O
Ca,Os,O
Ca,Pd,O
Ca,Pr,O
Ca,Pt,O
Ca,Re,O
Ca,Rh,O
Ca,Ru,O
Ca,Sb,O
Ca,Sc,O
Ca,Sm,O
Ca,Sn,O
Ca,Tb,O
Ca,Tc,O
Ca,Tl,O
Ca,Tm,O
Ca,V,O
Ca,Y,O
Ca,Yb,O
Cd,Al,O
Cd,As,O
Cd,Au,O
Cd,B,O
Cd,Bi,O
Cd,C,O
Cd,Ce,O
Cd,Co,O
Cd,Cr,O
Cd,Dy,O
Cd,Er,O
Cd,Eu,O
Cd,Fe,O
Cd,Ga,O
Cd,Gd,O
Cd,Ho,O
Cd,In,O
Cd,Ir,O
Cd,La,O
Cd,Lu,O
Cd,Mn,O
Cd,Nd,O
Cd,Ni,O
Cd,Os,O
Cd,Pd,O
Cd,Pr,O
Cd,Pt,O
Cd,Re,O
Cd,Rh,O
Cd,Ru,O
Cd,Sb,O
Cd,Sc,O
Cd,Sm,O
Cd,Sn,O
Cd,Tb,O
Cd,Tc,O
Cd,Tl,O
Cd,Tm,O
Cd,V,O
Cd,Y,O
Cd,Yb,O
Ce,Au,O
Ce,Ba,O
Ce,Be,O
Ce,C,O
Ce,Ca,O
Ce,Cd,O
Ce,Co,O
Ce,Cu,O
Ce,Eu,O
Ce,Fe,O
Ce,Hg,O
Ce,Mg,O
Ce,Mn,O
Ce,Ni,O
Ce,Os,O
Ce,Pb,O
Ce,Pd,O
Ce,Pt,O
Ce,Rh,O
Ce,Ru,O
Ce,Sn,O
Ce,Sr,O
Ce,Tl,O
Ce,Yb,O
Ce,Zn,O
Co,Al,O
Co,As,O
Co,Au,O
Co,B,O
Co,Bi,O
Co,C,O
Co,Ce,O
Co,Co,O
Co,Cr,O
Co,Dy,O
Co,Er,O
Co,Eu,O
Co,Fe,O
Co,Ga,O
Co,Gd,O
Co,Ho,O
Co,In,O
Co,Ir,O
Co,La,O
Co,Lu,O
Co,Mn,O
Co,Nd,O
Co,Ni,O
Co,Os,O
Co,Pd,O
Co,Pr,O
Co,Pt,O
Co,Re,O
Co,Rh,O
Co,Ru,O
Co,Sb,O
Co,Sc,O
Co,Sm,O
Co,Sn,O
Co,Tb,O
Co,Tc,O
Co,Tl,O
Co,Tm,O
Co,V,O
Co,Y,O
Co,Yb,O
Cr,Ag,O
Cr,Au,O
Cr,C,O
Cr,Co,O
Cr,Cs,O
Cr,Cu,O
Cr,Eu,O
Cr,Fe,O
Cr,H,O
Cr,K,O
Cr,Li,O
Cr,Mn,O
Cr,Na,O
Cr,Ni,O
Cr,Rb,O
Cr,Rh,O
Cr,Ru,O
Cr,Tl,O
Cr,Yb,O
Cs,C,O
Cs,Ce,O
Cs,Ir,O
Cs,Mn,O
Cs,Os,O
Cs,Re,O
Cs,Rh,O
Cs,Ru,O
Cs,Tc,O
Cs,V,O
Cu,Al,O
Cu,As,O
Cu,Au,O
Cu,B,O
Cu,Bi,O
Cu,C,O
Cu,Ce,O
Cu,Co,O
Cu,Cr,O
Cu,Dy,O
Cu,Er,O
Cu,Eu,O
Cu,Fe,O
Cu,Ga,O
Cu,Gd,O
Cu,Ho,O
Cu,In,O
Cu,Ir,O
Cu,La,O
Cu,Lu,O
Cu,Mn,O
Cu,Nd,O
Cu,Ni,O
Cu,Os,O
Cu,Pd,O
Cu,Pr,O
Cu,Pt,O
Cu,Re,O
Cu,Rh,O
Cu,Ru,O
Cu,Sb,O
Cu,Sc,O
Cu,Sm,O
Cu,Sn,O
Cu,Tb,O
Cu,Tc,O
Cu,Tl,O
Cu,Tm,O
Cu,V,O
Cu,Y,O
Cu,Yb,O
Dy,C,O
Dy,Co,O
Dy,Eu,O
Dy,Fe,O
Dy,Mn,O
Dy,Ni,O
Dy,Rh,O
Dy,Ru,O
Dy,Yb,O
Er,C,O
Er,Co,O
Er,Eu,O
Er,Fe,O
Er,Mn,O
Er,Ni,O
Er,Rh,O
Er,Ru,O
Er,Yb,O
Eu,Al,O
Eu,As,O
Eu,Au,O
Eu,B,O
Eu,Bi,O
Eu,C,O
Eu,Ce,O
Eu,Co,O
Eu,Cr,O
Eu,Dy,O
Eu,Er,O
Eu,Eu,O
Eu,Fe,O
Eu,Ga,O
Eu,Gd,O
Eu,Ho,O
Eu,In,O
Eu,Ir,O
Eu,La,O
Eu,Lu,O
Eu,Mn,O
Eu,Nd,O
Eu,Ni,O
Eu,Os,O
Eu,Pd,O
Eu,Pr,O
Eu,Pt,O
Eu,Re,O
Eu,Rh,O
Eu,Ru,O
Eu,Sb,O
Eu,Sc,O
Eu,Sm,O
Eu,Sn,O
Eu,Tb,O
Eu,Tc,O
Eu,Tl,O
Eu,Tm,O
Eu,V,O
Eu,Y,O
Eu,Yb,O
Fe,Al,O
Fe,As,O
Fe,Au,O
Fe,B,O
Fe,Bi,O
Fe,C,O
Fe,Ce,O
Fe,Co,O
Fe,Cr,O
Fe,Dy,O
Fe,Er,O
Fe,Eu,O
Fe,Fe,O
Fe,Ga,O
Fe,Gd,O
Fe,Ho,O
Fe,In,O
Fe,Ir,O
Fe,La,O
Fe,Lu,O
Fe,Mn,O
Fe,Nd,O
Fe,Ni,O
Fe,Os,O
Fe,Pd,O
Fe,Pr,O
Fe,Pt,O
Fe,Re,O
Fe,Rh,O
Fe,Ru,O
Fe,Sb,O
Fe,Sc,O
Fe,Sm,O
Fe,Sn,O
Fe,Tb,O
Fe,Tc,O
Fe,Tl,O
Fe,Tm,O
Fe,V,O
Fe,Y,O
Fe,Yb,O
Ga,C,O
Ga,Co,O
Ga,Eu,O
Ga,Fe,O
Ga,Mn,O
Ga,Ni,O
Ga,Rh,O
Ga,Ru,O
Ga,Yb,O
Gd,C,O
Gd,Co,O
Gd,Eu,O
Gd,Fe,O
Gd,Mn,O
Gd,Ni,O
Gd,Rh,O
Gd,Ru,O
Gd,Yb,O
Ge,Au,O
Ge,Ba,O
Ge,Be,O
Ge,C,O
Ge,Ca,O
Ge,Cd,O
Ge,Co,O
Ge,Cu,O
Ge,Eu,O
Ge,Fe,O
Ge,Hg,O
Ge,Mg,O
Ge,Mn,O
Ge,Ni,O
Ge,Os,O
Ge,Pb,O
Ge,Pd,O
Ge,Pt,O
Ge,Rh,O
Ge,Ru,O
Ge,Sn,O
Ge,Sr,O
Ge,Tl,O
Ge,Yb,O
Ge,Zn,O
H,C,O
H,Ce,O
H,Ir,O
H,Mn,O
H,Os,O
H,Re,O
H,Rh,O
H,Ru,O
H,Tc,O
H,V,O
Hf,Au,O
Hf,Ba,O
Hf,Be,O
Hf,C,O
Hf,Ca,O
Hf,Cd,O
Hf,Co,O
Hf,Cu,O
Hf,Eu,O
Hf,Fe,O
Hf,Hg,O
Hf,Mg,O
Hf,Mn,O
Hf,Ni,O
Hf,Os,O
Hf,Pb,O
Hf,Pd,O
Hf,Pt,O
Hf,Rh,O
Hf,Ru,O
Hf,Sn,O
Hf,Sr,O
Hf,Tl,O
Hf,Yb,O
Hf,Zn,O
Hg,Al,O
Hg,As,O
Hg,Au,O
Hg,B,O
Hg,Bi,O
Hg,C,O
Hg,Ce,O
Hg,Co,O
Hg,Cr,O
Hg,Dy,O
Hg,Er,O
Hg,Eu,O
Hg,Fe,O
Hg,Ga,O
Hg,Gd,O
Hg,Ho,O
Hg,In,O
Hg,Ir,O
Hg,La,O
Hg,Lu,O
Hg,Mn,O
Hg,Nd,O
Hg,Ni,O
Hg,Os,O
Hg,Pd,O
Hg,Pr,O
Hg,Pt,O
Hg,Re,O
Hg,Rh,O
Hg,Ru,O
Hg,Sb,O
Hg,Sc,O
Hg,Sm,O
Hg,Sn,O
Hg,Tb,O
Hg,Tc,O
Hg,Tl,O
Hg,Tm,O
Hg,V,O
Hg,Y,O
Hg,Yb,O
Ho,C,O
Ho,Co,O
Ho,Eu,O
Ho,Fe,O
Ho,Mn,O
Ho,Ni,O
Ho,Rh,O
Ho,Ru,O
Ho,Yb,O
I,Cu,O
In,C,O
In,Co,O
In,Eu,O
In,Fe,O
In,Mn,O
In,Ni,O
In,Rh,O
In,Ru,O
In,Yb,O
Ir,Au,O
Ir,Ba,O
Ir,Be,O
Ir,C,O
Ir,Ca,O
Ir,Cd,O
Ir,Co,O
Ir,Cu,O
Ir,Eu,O
Ir,Fe,O
Ir,Hg,O
Ir,Mg,O
Ir,Mn,O
Ir,Ni,O
Ir,Os,O
Ir,Pb,O
Ir,Pd,O
Ir,Pt,O
Ir,Rh,O
Ir,Ru,O
Ir,Sn,O
Ir,Sr,O
Ir,Tl,O
Ir,Yb,O
Ir,Zn,O
K,C,O
K,Ce,O
K,Ir,O
K,Mn,O
K,Os,O
K,Re,O
K,Rh,O
K,Ru,O
K,Tc,O
K,V,O
La,C,O
La,Co,O
La,Eu,O
La,Fe,O
La,Mn,O
La,Ni,O
La,Rh,O
La,Ru,O
La,Yb,O
Li,C,O
Li,Ce,O
Li,Ir,O
Li,Mn,O
Li,Os,O
Li,Re,O
Li,Rh,O
Li,Ru,O
Li,Tc,O
Li,V,O
Lu,C,O
Lu,Co,O
Lu,Eu,O
Lu,Fe,O
Lu,Mn,O
Lu,Ni,O
Lu,Rh,O
Lu,Ru,O
Lu,Yb,O
Mg,Al,O
Mg,As,O
Mg,Au,O
Mg,B,O
Mg,Bi,O
Mg,C,O
Mg,Ce,O
Mg,Co,O
Mg,Cr,O
Mg,Dy,O
Mg,Er,O
Mg,Eu,O
Mg,Fe,O
Mg,Ga,O
Mg,Gd,O
Mg,Ho,O
Mg,In,O
Mg,Ir,O
Mg,La,O
Mg,Lu,O
Mg,Mn,O
Mg,Nd,O
Mg,Ni,O
Mg,Os,O
Mg,Pd,O
Mg,Pr,O
Mg,Pt,O
Mg,Re,O
Mg,Rh,O
Mg,Ru,O
Mg,Sb,O
Mg,Sc,O
Mg,Sm,O
Mg,Sn,O
Mg,Tb,O
Mg,Tc,O
Mg,Tl,O
Mg,Tm,O
Mg,V,O
Mg,Y,O
Mg,Yb,O
Mn,Al,O
Mn,As,O
Mn,Au,O
Mn,B,O
Mn,Ba,O
Mn,Be,O
Mn,Bi,O
Mn,C,O
Mn,Ca,O
Mn,Cd,O
Mn,Ce,O
Mn,Co,O
Mn,Cr,O
Mn,Cu,O
Mn,Dy,O
Mn,Er,O
Mn,Eu,O
Mn,Fe,O
Mn,Ga,O
Mn,Gd,O
Mn,Hg,O
Mn,Ho,O
Mn,In,O
Mn,Ir,O
Mn,La,O
Mn,Lu,O
Mn,Mg,O
Mn,Mn,O
Mn,Nd,O
Mn,Ni,O
Mn,Os,O
Mn,Pb,O
Mn,Pd,O
Mn,Pr,O
Mn,Pt,O
Mn,Re,O
Mn,Rh,O
Mn,Ru,O
Mn,Sb,O
Mn,Sc,O
Mn,Sm,O
Mn,Sn,O
Mn,Sr,O
Mn,Tb,O
Mn,Tc,O
Mn,Tl,O
Mn,Tm,O
Mn,V,O
Mn,Y,O
Mn,Yb,O
Mn,Zn,O
Mo,Ag,O
Mo,Au,O
Mo,Cs,O
Mo,Cu,O
Mo,H,O
Mo,K,O
Mo,Li,O
Mo,Na,O
Mo,Rb,O
Mo,Tl,O
Na,C,O
Na,Ce,O
Na,Ir,O
Na,Mn,O
Na,Os,O
Na,Re,O
Na,Rh,O
Na,Ru,O
Na,Tc,O
Na,V,O
Nb,Cu,O
Nd,C,O
Nd,Co,O
Nd,Eu,O
Nd,Fe,O
Nd,Mn,O
Nd,Ni,O
Nd,Rh,O
Nd,Ru,O
Nd,Yb,O
Ni,Al,O
Ni,As,O
Ni,Au,O
Ni,B,O
Ni,Bi,O
Ni,C,O
Ni,Ce,O
Ni,Co,O
Ni,Cr,O
Ni,Dy,O
Ni,Er,O
Ni,Eu,O
Ni,Fe,O
Ni,Ga,O
Ni,Gd,O
Ni,Ho,O
Ni,In,O
Ni,Ir,O
Ni,La,O
Ni,Lu,O
Ni,Mn,O
Ni,Nd,O
Ni,Ni,O
Ni,Os,O
Ni,Pd,O
Ni,Pr,O
Ni,Pt,O
Ni,Re,O
Ni,Rh,O
Ni,Ru,O
Ni,Sb,O
Ni,Sc,O
Ni,Sm,O
Ni,Sn,O
Ni,Tb,O
Ni,Tc,O
Ni,Tl,O
Ni,Tm,O
Ni,V,O
Ni,Y,O
Ni,Yb,O
Os,Ag,O
Os,Al,O
Os,As,O
Os,Au,O
Os,B,O
Os,Ba,O
Os,Be,O
Os,Bi,O
Os,C,O
Os,Ca,O
Os,Cd,O
Os,Ce,O
Os,Co,O
Os,Cr,O
Os,Cs,O
Os,Cu,O
Os,Dy,O
Os,Er,O
Os,Eu,O
Os,Fe,O
Os,Ga,O
Os,Gd,O
Os,H,O
Os,Hg,O
Os,Ho,O
Os,In,O
Os,Ir,O
Os,K,O
Os,La,O
Os,Li,O
Os,Lu,O
Os,Mg,O
Os,Mn,O
Os,Na,O
Os,Nd,O
Os,Ni,O
Os,Os,O
Os,Pb,O
Os,Pd,O
Os,Pr,O
Os,Pt,O
Os,Rb,O
Os,Re,O
Os,Rh,O
Os,Ru,O
Os,Sb,O
Os,Sc,O
Os,Sm,O
Os,Sn,O
Os,Sr,O
Os,Tb,O
Os,Tc,O
Os,Tl,O
Os,Tm,O
Os,V,O
Os,Y,O
Os,Yb,O
Os,Zn,O
P,Cu,O
Pb,Al,O
Pb,As,O
Pb,Au,O
Pb,B,O
Pb,Bi,O
Pb,C,O
Pb,Ce,O
Pb,Co,O
Pb,Cr,O
Pb,Dy,O
Pb,Er,O
Pb,Eu,O
Pb,Fe,O
Pb,Ga,O
Pb,Gd,O
Pb,Ho,O
Pb,In,O
Pb,Ir,O
Pb,La,O
Pb,Lu,O
Pb,Mn,O
Pb,Nd,O
Pb,Ni,O
Pb,Os,O
Pb,Pd,O
Pb,Pr,O
Pb,Pt,O
Pb,Re,O
Pb,Rh,O
Pb,Ru,O
Pb,Sb,O
Pb,Sc,O
Pb,Sm,O
Pb,Sn,O
Pb,Tb,O
Pb,Tc,O
Pb,Tl,O
Pb,Tm,O
Pb,V,O
Pb,Y,O
Pb,Yb,O
Pd,Al,O
Pd,As,O
Pd,Au,O
Pd,B,O
Pd,Ba,O
Pd,Be,O
Pd,Bi,O
Pd,C,O
Pd,Ca,O
Pd,Cd,O
Pd,Ce,O
Pd,Co,O
Pd,Cr,O
Pd,Cu,O
Pd,Dy,O
Pd,Er,O
Pd,Eu,O
Pd,Fe,O
Pd,Ga,O
Pd,Gd,O
Pd,Hg,O
Pd,Ho,O
Pd,In,O
Pd,Ir,O
Pd,La,O
Pd,Lu,O
Pd,Mg,O
Pd,Mn,O
Pd,Nd,O
Pd,Ni,O
Pd,Os,O
Pd,Pb,O
Pd,Pd,O
Pd,Pr,O
Pd,Pt,O
Pd,Re,O
Pd,Rh,O
Pd,Ru,O
Pd,Sb,O
Pd,Sc,O
Pd,Sm,O
Pd,Sn,O
Pd,Sr,O
Pd,Tb,O
Pd,Tc,O
Pd,Tl,O
Pd,Tm,O
Pd,V,O
Pd,Y,O
Pd,Yb,O
Pd,Zn,O
Pr,C,O
Pr,Co,O
Pr,Eu,O
Pr,Fe,O
Pr,Mn,O
Pr,Ni,O
Pr,Rh,O
Pr,Ru,O
Pr,Yb,O
Pt,Al,O
Pt,As,O
Pt,Au,O
Pt,B,O
Pt,Ba,O
Pt,Be,O
Pt,Bi,O
Pt,C,O
Pt,Ca,O
Pt,Cd,O
Pt,Ce,O
Pt,Co,O
Pt,Cr,O
Pt,Cu,O
Pt,Dy,O
Pt,Er,O
Pt,Eu,O
Pt,Fe,O
Pt,Ga,O
Pt,Gd,O
Pt,Hg,O
Pt,Ho,O
Pt,In,O
Pt,Ir,O
Pt,La,O
Pt,Lu,O
Pt,Mg,O
Pt,Mn,O
Pt,Nd,O
Pt,Ni,O
Pt,Os,O
Pt,Pb,O
Pt,Pd,O
Pt,Pr,O
Pt,Pt,O
Pt,Re,O
Pt,Rh,O
Pt,Ru,O
Pt,Sb,O
Pt,Sc,O
Pt,Sm,O
Pt,Sn,O
Pt,Sr,O
Pt,Tb,O
Pt,Tc,O
Pt,Tl,O
Pt,Tm,O
Pt,V,O
Pt,Y,O
Pt,Yb,O
Pt,Zn,O
Rb,C,O
Rb,Ce,O
Rb,Ir,O
Rb,Mn,O
Rb,Os,O
Rb,Re,O
Rb,Rh,O
Rb,Ru,O
Rb,Tc,O
Rb,V,O
Re,Ag,O
Re,Au,O
Re,Ba,O
Re,Be,O
Re,C,O
Re,Ca,O
Re,Cd,O
Re,Co,O
Re,Cs,O
Re,Cu,O
Re,Eu,O
Re,Fe,O
Re,H,O
Re,Hg,O
Re,K,O
Re,Li,O
Re,Mg,O
Re,Mn,O
Re,Na,O
Re,Ni,O
Re,Os,O
Re,Pb,O
Re,Pd,O
Re,Pt,O
Re,Rb,O
Re,Rh,O
Re,Ru,O
Re,Sn,O
Re,Sr,O
Re,Tl,O
Re,Yb,O
Re,Zn,O
Rh,Al,O
Rh,As,O
Rh,Au,O
Rh,B,O
Rh,Ba,O
Rh,Be,O
Rh,Bi,O
Rh,C,O
Rh,Ca,O
Rh,Cd,O
Rh,Ce,O
Rh,Co,O
Rh,Cr,O
Rh,Cu,O
Rh,Dy,O
Rh,Er,O
Rh,Eu,O
Rh,Fe,O
Rh,Ga,O
Rh,Gd,O
Rh,Hg,O
Rh,Ho,O
Rh,In,O
Rh,Ir,O
Rh,La,O
Rh,Lu,O
Rh,Mg,O
Rh,Mn,O
Rh,Nd,O
Rh,Ni,O
Rh,Os,O
Rh,Pb,O
Rh,Pd,O
Rh,Pr,O
Rh,Pt,O
Rh,Re,O
Rh,Rh,O
Rh,Ru,O
Rh,Sb,O
Rh,Sc,O
Rh,Sm,O
Rh,Sn,O
Rh,Sr,O
Rh,Tb,O
Rh,Tc,O
Rh,Tl,O
Rh,Tm,O
Rh,V,O
Rh,Y,O
Rh,Yb,O
Rh,Zn,O
Ru,Al,O
Ru,As,O
Ru,Au,O
Ru,B,O
Ru,Ba,O
Ru,Be,O
Ru,Bi,O
Ru,C,O
Ru,Ca,O
Ru,Cd,O
Ru,Ce,O
Ru,Co,O
Ru,Cr,O
Ru,Cu,O
Ru,Dy,O
Ru,Er,O
Ru,Eu,O
Ru,Fe,O
Ru,Ga,O
Ru,Gd,O
Ru,Hg,O
Ru,Ho,O
Ru,In,O
Ru,Ir,O
Ru,La,O
Ru,Lu,O
Ru,Mg,O
Ru,Mn,O
Ru,Nd,O
Ru,Ni,O
Ru,Os,O
Ru,Pb,O
Ru,Pd,O
Ru,Pr,O
Ru,Pt,O
Ru,Re,O
Ru,Rh,O
Ru,Ru,O
Ru,Sb,O
Ru,Sc,O
Ru,Sm,O
Ru,Sn,O
Ru,Sr,O
Ru,Tb,O
Ru,Tc,O
Ru,Tl,O
Ru,Tm,O
Ru,V,O
Ru,Y,O
Ru,Yb,O
Ru,Zn,O
S,Ag,O
S,Au,O
S,Cs,O
S,Cu,O
S,H,O
S,K,O
S,Li,O
S,Na,O
S,Rb,O
S,Tl,O
Sb,C,O
Sb,Co,O
Sb,Cu,O
Sb,Eu,O
Sb,Fe,O
Sb,Mn,O
Sb,Ni,O
Sb,Rh,O
Sb,Ru,O
Sb,Yb,O
Sc,C,O
Sc,Co,O
Sc,Eu,O
Sc,Fe,O
Sc,Mn,O
Sc,Ni,O
Sc,Rh,O
Sc,Ru,O
Sc,Yb,O
Se,Au,O
Se,Ba,O
Se,Be,O
Se,C,O
Se,Ca,O
Se,Cd,O
Se,Co,O
Se,Cu,O
Se,Eu,O
Se,Fe,O
Se,Hg,O
Se,Mg,O
Se,Mn,O
Se,Ni,O
Se,Os,O
Se,Pb,O
Se,Pd,O
Se,Pt,O
Se,Rh,O
Se,Ru,O
Se,Sn,O
Se,Sr,O
Se,Tl,O
Se,Yb,O
Se,Zn,O
Si,Au,O
Si,Ba,O
Si,Be,O
Si,C,O
Si,Ca,O
Si,Cd,O
Si,Co,O
Si,Cu,O
Si,Eu,O
Si,Fe,O
Si,Hg,O
Si,Mg,O
Si,Mn,O
Si,Ni,O
Si,Os,O
Si,Pb,O
Si,Pd,O
Si,Pt,O
Si,Rh,O
Si,Ru,O
Si,Sn,O
Si,Sr,O
Si,Tl,O
Si,Yb,O
Si,Zn,O
Sm,C,O
Sm,Co,O
Sm,Eu,O
Sm,Fe,O
Sm,Mn,O
Sm,Ni,O
Sm,Rh,O
Sm,Ru,O
Sm,Yb,O
Sn,Al,O
Sn,As,O
Sn,Au,O
Sn,B,O
Sn,Ba,O
Sn,Be,O
Sn,Bi,O
Sn,C,O
Sn,Ca,O
Sn,Cd,O
Sn,Ce,O
Sn,Co,O
Sn,Cr,O
Sn,Cu,O
Sn,Dy,O
Sn,Er,O
Sn,Eu,O
Sn,Fe,O
Sn,Ga,O
Sn,Gd,O
Sn,Hg,O
Sn,Ho,O
Sn,In,O
Sn,Ir,O
Sn,La,O
Sn,Lu,O
Sn,Mg,O
Sn,Mn,O
Sn,Nd,O
Sn,Ni,O
Sn,Os,O
Sn,Pb,O
Sn,Pd,O
Sn,Pr,O
Sn,Pt,O
Sn,Re,O
Sn,Rh,O
Sn,Ru,O
Sn,Sb,O
Sn,Sc,O
Sn,Sm,O
Sn,Sn,O
Sn,Sr,O
Sn,Tb,O
Sn,Tc,O
Sn,Tl,O
Sn,Tm,O
Sn,V,O
Sn,Y,O
Sn,Yb,O
Sn,Zn,O
Sr,Al,O
Sr,As,O
Sr,Au,O
Sr,B,O
Sr,Bi,O
Sr,C,O
Sr,Ce,O
Sr,Co,O
Sr,Cr,O
Sr,Dy,O
Sr,Er,O
Sr,Eu,O
Sr,Fe,O
Sr,Ga,O
Sr,Gd,O
Sr,Ho,O
Sr,In,O
Sr,Ir,O
Sr,La,O
Sr,Lu,O
Sr,Mn,O
Sr,Nd,O
Sr,Ni,O
Sr,Os,O
Sr,Pd,O
Sr,Pr,O
Sr,Pt,O
Sr,Re,O
Sr,Rh,O
Sr,Ru,O
Sr,Sb,O
Sr,Sc,O
Sr,Sm,O
Sr,Sn,O
Sr,Tb,O
Sr,Tc,O
Sr,Tl,O
Sr,Tm,O
Sr,V,O
Sr,Y,O
Sr,Yb,O
Ta,Cu,O
Tb,C,O
Tb,Co,O
Tb,Eu,O
Tb,Fe,O
Tb,Mn,O
Tb,Ni,O
Tb,Rh,O
Tb,Ru,O
Tb,Yb,O
Tc,Au,O
Tc,Ba,O
Tc,Be,O
Tc,C,O
Tc,Ca,O
Tc,Cd,O
Tc,Co,O
Tc,Cu,O
Tc,Eu,O
Tc,Fe,O
Tc,Hg,O
Tc,Mg,O
Tc,Mn,O
Tc,Ni,O
Tc,Os,O
Tc,Pb,O
Tc,Pd,O
Tc,Pt,O
Tc,Rh,O
Tc,Ru,O
Tc,Sn,O
Tc,Sr,O
Tc,Tl,O
Tc,Yb,O
Tc,Zn,O
Te,Ag,O
Te,Au,O
Te,Ba,O
Te,Be,O
Te,C,O
Te,Ca,O
Te,Cd,O
Te,Co,O
Te,Cs,O
Te,Cu,O
Te,Eu,O
Te,Fe,O
Te,H,O
Te,Hg,O
Te,K,O
Te,Li,O
Te,Mg,O
Te,Mn,O
Te,Na,O
Te,Ni,O
Te,Os,O
Te,Pb,O
Te,Pd,O
Te,Pt,O
Te,Rb,O
Te,Rh,O
Te,Ru,O
Te,Sn,O
Te,Sr,O
Te,Tl,O
Te,Yb,O
Te,Zn,O
Ti,Au,O
Ti,Ba,O
Ti,Be,O
Ti,C,O
Ti,Ca,O
Ti,Cd,O
Ti,Co,O
Ti,Cu,O
Ti,Eu,O
Ti,Fe,O
Ti,Hg,O
Ti,Mg,O
Ti,Mn,O
Ti,Ni,O
Ti,Os,O
Ti,Pb,O
Ti,Pd,O
Ti,Pt,O
Ti,Rh,O
Ti,Ru,O
Ti,Sn,O
Ti,Sr,O
Ti,Tl,O
Ti,Yb,O
Ti,Zn,O
Tl,C,O
Tl,Ce,O
Tl,Co,O
Tl,Eu,O
Tl,Fe,O
Tl,Ir,O
Tl,Mn,O
Tl,Ni,O
Tl,Os,O
Tl,Re,O
Tl,Rh,O
Tl,Ru,O
Tl,Tc,O
Tl,V,O
Tl,Yb,O
Tm,C,O
Tm,Co,O
Tm,Eu,O
Tm,Fe,O
Tm,Mn,O
Tm,Ni,O
Tm,Rh,O
Tm,Ru,O
Tm,Yb,O
V,Au,O
V,Ba,O
V,Be,O
V,C,O
V,Ca,O
V,Cd,O
V,Co,O
V,Cu,O
V,Eu,O
V,Fe,O
V,Hg,O
V,Mg,O
V,Mn,O
V,Ni,O
V,Os,O
V,Pb,O
V,Pd,O
V,Pt,O
V,Rh,O
V,Ru,O
V,Sn,O
V,Sr,O
V,Tl,O
V,Yb,O
V,Zn,O
W,Ag,O
W,Au,O
W,Cs,O
W,Cu,O
W,H,O
W,K,O
W,Li,O
W,Na,O
W,Rb,O
W,Tl,O
Y,C,O
Y,Co,O
Y,Eu,O
Y,Fe,O
Y,Mn,O
Y,Ni,O
Y,Rh,O
Y,Ru,O
Y,Yb,O
Yb,Al,O
Yb,As,O
Yb,Au,O
Yb,B,O
Yb,Bi,O
Yb,C,O
Yb,Ce,O
Yb,Co,O
Yb,Cr,O
Yb,Dy,O
Yb,Er,O
Yb,Eu,O
Yb,Fe,O
Yb,Ga,O
Yb,Gd,O
Yb,Ho,O
Yb,In,O
Yb,Ir,O
Yb,La,O
Yb,Lu,O
Yb,Mn,O
Yb,Nd,O
Yb,Ni,O
Yb,Os,O
Yb,Pd,O
Yb,Pr,O
Yb,Pt,O
Yb,Re,O
Yb,Rh,O
Yb,Ru,O
Yb,Sb,O
Yb,Sc,O
Yb,Sm,O
Yb,Sn,O
Yb,Tb,O
Yb,Tc,O
Yb,Tl,O
Yb,Tm,O
Yb,V,O
Yb,Y,O
Yb,Yb,O
Zn,Al,O
Zn,As,O
Zn,Au,O
Zn,B,O
Zn,Bi,O
Zn,C,O
Zn,Ce,O
Zn,Co,O
Zn,Cr,O
Zn,Dy,O
Zn,Er,O
Zn,Eu,O
Zn,Fe,O
Zn,Ga,O
Zn,Gd,O
Zn,Ho,O
Zn,In,O
Zn,Ir,O
Zn,La,O
Zn,Lu,O
Zn,Mn,O
Zn,Nd,O
Zn,Ni,O
Zn,Os,O
Zn,Pd,O
Zn,Pr,O
Zn,Pt,O
Zn,Re,O
Zn,Rh,O
Zn,Ru,O
Zn,Sb,O
Zn,Sc,O
Zn,Sm,O
Zn,Sn,O
Zn,Tb,O
Zn,Tc,O
Zn,Tl,O
Zn,Tm,O
Zn,V,O
Zn,Y,O
Zn,Yb,O
Zr,Au,O
Zr,Ba,O
Zr,Be,O
Zr,C,O
Zr,Ca,O
Zr,Cd,O
Zr,Co,O
Zr,Cu,O
Zr,Eu,O
Zr,Fe,O
Zr,Hg,O
Zr,Mg,O
Zr,Mn,O
Zr,Ni,O
Zr,Os,O
Zr,Pb,O
Zr,Pd,O
Zr,Pt,O
Zr,Rh,O
Zr,Ru,O
Zr,Sn,O
Zr,Sr,O
Zr,Tl,O
Zr,Yb,O
Zr,Zn,O
