Ag,Ag,S
Ag,Al,S
Ag,As,S
Ag,Au,S
Ag,B,S
Ag,Bi,S
Ag,C,S
Ag,Ce,S
Ag,Co,S
Ag,Cr,S
Ag,Cu,S
Ag,Dy,S
Ag,Er,S
Ag,Eu,S
Ag,Fe,S
Ag,Ga,S
Ag,Gd,S
Ag,Ge,S
Ag,Hf,S
Ag,Ho,S
Ag,In,S
Ag,Ir,S
Ag,La,S
Ag,Lu,S
Ag,Mn,S
Ag,Mo,S
Ag,Nb,S
Ag,Nd,S
Ag,Ni,S
Ag,Os,S
Ag,P,S
Ag,Pb,S
Ag,Pd,S
Ag,Pr,S
Ag,Pt,S
Ag,Re,S
Ag,Rh,S
Ag,Ru,S
Ag,Sb,S
Ag,Sc,S
Ag,Se,S
Ag,Si,S
Ag,Sm,S
Ag,Sn,S
Ag,Sr,S
Ag,Ta,S
Ag,Tb,S
Ag,Tc,S
Ag,Te,S
Ag,Ti,S
Ag,Tl,S
Ag,Tm,S
Ag,V,S
Ag,W,S
Ag,Y,S
Ag,Yb,S
Ag,Zn,S
Ag,Zr,S
Al,Ag,S
Al,As,S
Al,Au,S
Al,B,S
Al,Bi,S
Al,C,S
Al,Ce,S
Al,Co,S
Al,Cr,S
Al,Cu,S
Al,Dy,S
Al,Er,S
Al,Eu,S
Al,Fe,S
Al,Ga,S
Al,Gd,S
Al,Ge,S
Al,Hf,S
Al,Ho,S
Al,In,S
Al,Ir,S
Al,La,S
Al,Lu,S
Al,Mn,S
Al,Mo,S
Al,Nb,S
Al,Nd,S
Al,Ni,S
Al,Os,S
Al,P,S
Al,Pb,S
Al,Pd,S
Al,Pr,S
Al,Pt,S
Al,Re,S
Al,Rh,S
Al,Ru,S
Al,Sb,S
Al,Sc,S
Al,Se,S
Al,Si,S
Al,Sm,S
Al,Sn,S
Al,Ta,S
Al,Tb,S
Al,Tc,S
Al,Te,S
Al,Ti,S
Al,Tl,S
Al,Tm,S
Al,V,S
Al,W,S
Al,Y,S
Al,Yb,S
Al,Zn,S
Al,Zr,S
As,Ag,S
As,Al,S
As,As,S
As,Au,S
As,B,S
As,Ba,S
As,Be,S
As,Bi,S
As,C,S
As,Ca,S
As,Cd,S
As,Ce,S
As,Co,S
As,Cr,S
As,Cu,S
As,Dy,S
As,Er,S
As,Eu,S
As,Fe,S
As,Ga,S
As,Gd,S
As,Ge,S
As,Hf,S
As,Hg,S
As,Ho,S
As,In,S
As,Ir,S
As,La,S
As,Lu,S
As,Mg,S
As,Mn,S
As,Mo,S
As,Nb,S
As,Nd,S
As,Ni,S
As,Os,S
As,P,S
As,Pb,S
As,Pd,S
As,Pr,S
As,Pt,S
As,Re,S
As,Rh,S
As,Ru,S
As,Sb,S
As,Sc,S
As,Se,S
As,Si,S
As,Sm,S
As,Sn,S
As,Sr,S
As,Ta,S
As,Tb,S
As,Tc,S
As,Te,S
As,Ti,S
As,Tl,S
As,Tm,S
As,V,S
As,W,S
As,Y,S
As,Yb,S
As,Zn,S
As,Zr,S
Au,Ag,S
Au,Al,S
Au,As,S
Au,Au,S
Au,B,S
Au,Bi,S
Au,C,S
Au,Ca,S
Au,Cd,S
Au,Ce,S
Au,Co,S
Au,Cr,S
Au,Cu,S
Au,Dy,S
Au,Er,S
Au,Eu,S
Au,Fe,S
Au,Ga,S
Au,Gd,S
Au,Ge,S
Au,Hf,S
Au,Hg,S
Au,Ho,S
Au,In,S
Au,Ir,S
Au,La,S
Au,Lu,S
Au,Mn,S
Au,Mo,S
Au,Nb,S
Au,Nd,S
Au,Ni,S
Au,Os,S
Au,P,S
Au,Pb,S
Au,Pd,S
Au,Pr,S
Au,Pt,S
Au,Re,S
Au,Rh,S
Au,Ru,S
Au,Sb,S
Au,Sc,S
Au,Se,S
Au,Si,S
Au,Sm,S
Au,Sn,S
Au,Sr,S
Au,Ta,S
Au,Tb,S
Au,Tc,S
Au,Te,S
Au,Ti,S
Au,Tl,S
Au,Tm,S
Au,V,S
Au,W,S
Au,Y,S
Au,Yb,S
Au,Zn,S
Au,Zr,S
B,Ag,S
B,Al,S
B,As,S
B,Au,S
B,B,S
B,Bi,S
B,C,S
B,Ce,S
B,Co,S
B,Cr,S
B,Cu,S
B,Dy,S
B,Er,S
B,Eu,S
B,Fe,S
B,Ga,S
B,Gd,S
B,Ge,S
B,Hf,S
B,Ho,S
B,In,S
B,Ir,S
B,La,S
B,Lu,S
B,Mn,S
B,Mo,S
B,Nb,S
B,Nd,S
B,Ni,S
B,Os,S
B,P,S
B,Pb,S
B,Pd,S
B,Pr,S
B,Pt,S
B,Re,S
B,Rh,S
B,Ru,S
B,Sb,S
B,Sc,S
B,Se,S
B,Si,S
B,Sm,S
B,Sn,S
B,Sr,S
B,Ta,S
B,Tb,S
B,Tc,S
B,Te,S
B,Ti,S
B,Tl,S
B,Tm,S
B,V,S
B,W,S
B,Y,S
B,Yb,S
B,Zn,S
B,Zr,S
Ba,Ag,S
Ba,Al,S
Ba,As,S
Ba,Au,S
Ba,B,S
Ba,Bi,S
Ba,C,S
Ba,Ce,S
Ba,Co,S
Ba,Cr,S
Ba,Cu,S
Ba,Dy,S
Ba,Er,S
Ba,Eu,S
Ba,Fe,S
Ba,Ga,S
Ba,Gd,S
Ba,Ge,S
Ba,Hf,S
Ba,Ho,S
Ba,In,S
Ba,Ir,S
Ba,La,S
Ba,Lu,S
Ba,Mn,S
Ba,Mo,S
Ba,Nb,S
Ba,Nd,S
Ba,Ni,S
Ba,Os,S
Ba,P,S
Ba,Pb,S
Ba,Pd,S
Ba,Pr,S
Ba,Pt,S
Ba,Re,S
Ba,Rh,S
Ba,Ru,S
Ba,Sb,S
Ba,Sc,S
Ba,Se,S
Ba,Si,S
Ba,Sm,S
Ba,Sn,S
Ba,Sr,S
Ba,Ta,S
Ba,Tb,S
Ba,Tc,S
Ba,Te,S
Ba,Ti,S
Ba,Tl,S
Ba,Tm,S
Ba,V,S
Ba,W,S
Ba,Y,S
Ba,Yb,S
Ba,Zn,S
Ba,Zr,S
Be,Ag,S
Be,Al,S
Be,As,S
Be,Au,S
Be,B,S
Be,Bi,S
Be,C,S
Be,Ce,S
Be,Co,S
Be,Cr,S
Be,Cu,S
Be,Dy,S
Be,Er,S
Be,Eu,S
Be,Fe,S
Be,Ga,S
Be,Gd,S
Be,Ge,S
Be,Hf,S
Be,Ho,S
Be,In,S
Be,Ir,S
Be,La,S
Be,Lu,S
Be,Mn,S
Be,Mo,S
Be,Nb,S
Be,Nd,S
Be,Ni,S
Be,Os,S
Be,P,S
Be,Pb,S
Be,Pd,S
Be,Pr,S
Be,Pt,S
Be,Re,S
Be,Rh,S
Be,Ru,S
Be,Sb,S
Be,Sc,S
Be,Se,S
Be,Si,S
Be,Sm,S
Be,Sn,S
Be,Sr,S
Be,Ta,S
Be,Tb,S
Be,Tc,S
Be,Te,S
Be,Ti,S
Be,Tl,S
Be,Tm,S
Be,V,S
Be,W,S
Be,Y,S
Be,Yb,S
Be,Zn,S
Be,Zr,S
Bi,Ag,S
Bi,Al,S
Bi,As,S
Bi,Au,S
Bi,B,S
Bi,Ba,S
Bi,Be,S
Bi,Bi,S
Bi,C,S
Bi,Ca,S
Bi,Cd,S
Bi,Ce,S
Bi,Co,S
Bi,Cr,S
Bi,Cu,S
Bi,Dy,S
Bi,Er,S
Bi,Eu,S
Bi,Fe,S
Bi,Ga,S
Bi,Gd,S
Bi,Ge,S
Bi,Hf,S
Bi,Hg,S
Bi,Ho,S
Bi,In,S
Bi,Ir,S
Bi,La,S
Bi,Lu,S
Bi,Mg,S
Bi,Mn,S
Bi,Mo,S
Bi,Nb,S
Bi,Nd,S
Bi,Ni,S
Bi,Os,S
Bi,P,S
Bi,Pb,S
Bi,Pd,S
Bi,Pr,S
Bi,Pt,S
Bi,Re,S
Bi,Rh,S
Bi,Ru,S
Bi,Sb,S
Bi,Sc,S
Bi,Se,S
Bi,Si,S
Bi,Sm,S
Bi,Sn,S
Bi,Sr,S
Bi,Ta,S
Bi,Tb,S
Bi,Tc,S
Bi,Te,S
Bi,Ti,S
Bi,Tl,S
Bi,Tm,S
Bi,V,S
Bi,W,S
Bi,Y,S
Bi,Yb,S
Bi,Zn,S
Bi,Zr,S
C,Ag,S
C,Al,S
C,As,S
C,Au,S
C,B,S
C,Ba,S
C,Be,S
C,Bi,S
C,C,S
C,Ca,S
C,Cd,S
C,Ce,S
C,Co,S
C,Cr,S
C,Cu,S
C,Dy,S
C,Er,S
C,Eu,S
C,Fe,S
C,Ga,S
C,Gd,S
C,Ge,S
C,Hf,S
C,Hg,S
C,Ho,S
C,In,S
C,Ir,S
C,La,S
C,Lu,S
C,Mg,S
C,Mn,S
C,Mo,S
C,Nb,S
C,Nd,S
C,Ni,S
C,Os,S
C,P,S
C,Pb,S
C,Pd,S
C,Pr,S
C,Pt,S
C,Re,S
C,Rh,S
C,Ru,S
C,Sb,S
C,Sc,S
C,Se,S
C,Si,S
C,Sm,S
C,Sn,S
C,Sr,S
C,Ta,S
C,Tb,S
C,Tc,S
C,Te,S
C,Ti,S
C,Tl,S
C,Tm,S
C,V,S
C,W,S
C,Y,S
C,Yb,S
C,Zn,S
C,Zr,S
Ca,Ag,S
Ca,Al,S
Ca,As,S
Ca,Au,S
Ca,B,S
Ca,Bi,S
Ca,C,S
Ca,Ce,S
Ca,Co,S
Ca,Cr,S
Ca,Cu,S
Ca,Dy,S
Ca,Er,S
Ca,Eu,S
Ca,Fe,S
Ca,Ga,S
Ca,Gd,S
Ca,Ge,S
Ca,Hf,S
Ca,Ho,S
Ca,In,S
Ca,Ir,S
Ca,La,S
Ca,Lu,S
Ca,Mn,S
Ca,Mo,S
Ca,Nb,S
Ca,Nd,S
Ca,Ni,S
Ca,Os,S
Ca,P,S
Ca,Pb,S
Ca,Pd,S
Ca,Pr,S
Ca,Pt,S
Ca,Re,S
Ca,Rh,S
Ca,Ru,S
Ca,Sb,S
Ca,Sc,S
Ca,Se,S
Ca,Si,S
Ca,Sm,S
Ca,Sn,S
Ca,Sr,S
Ca,Ta,S
Ca,Tb,S
Ca,Tc,S
Ca,Te,S
Ca,Ti,S
Ca,Tl,S
Ca,Tm,S
Ca,V,S
Ca,W,S
Ca,Y,S
Ca,Yb,S
Ca,Zn,S
Ca,Zr,S
Cd,Ag,S
Cd,Al,S
Cd,As,S
Cd,Au,S
Cd,B,S
Cd,Bi,S
Cd,C,S
Cd,Ce,S
Cd,Co,S
Cd,Cr,S
Cd,Cu,S
Cd,Dy,S
Cd,Er,S
Cd,Eu,S
Cd,Fe,S
Cd,Ga,S
Cd,Gd,S
Cd,Ge,S
Cd,Hf,S
Cd,Ho,S
Cd,In,S
Cd,Ir,S
Cd,La,S
Cd,Lu,S
Cd,Mn,S
Cd,Mo,S
Cd,Nb,S
Cd,Nd,S
Cd,Ni,S
Cd,Os,S
Cd,P,S
Cd,Pb,S
Cd,Pd,S
Cd,Pr,S
Cd,Pt,S
Cd,Re,S
Cd,Rh,S
Cd,Ru,S
Cd,Sb,S
Cd,Sc,S
Cd,Se,S
Cd,Si,S
Cd,Sm,S
Cd,Sn,S
Cd,Sr,S
Cd,Ta,S
Cd,Tb,S
Cd,Tc,S
Cd,Te,S
Cd,Ti,S
Cd,Tl,S
Cd,Tm,S
Cd,V,S
Cd,W,S
Cd,Y,S
Cd,Yb,S
Cd,Zn,S
Cd,Zr,S
Ce,Ag,S
Ce,Al,S
Ce,As,S
Ce,Au,S
Ce,B,S
Ce,Ba,S
Ce,Be,S
Ce,Bi,S
Ce,C,S
Ce,Ca,S
Ce,Cd,S
Ce,Ce,S
Ce,Co,S
Ce,Cr,S
Ce,Cu,S
Ce,Dy,S
Ce,Er,S
Ce,Eu,S
Ce,Fe,S
Ce,Ga,S
Ce,Gd,S
Ce,Ge,S
Ce,Hf,S
Ce,Hg,S
Ce,Ho,S
Ce,In,S
Ce,Ir,S
Ce,La,S
Ce,Lu,S
Ce,Mg,S
Ce,Mn,S
Ce,Mo,S
Ce,Nb,S
Ce,Nd,S
Ce,Ni,S
Ce,Os,S
Ce,P,S
Ce,Pb,S
Ce,Pd,S
Ce,Pr,S
Ce,Pt,S
Ce,Re,S
Ce,Rh,S
Ce,Ru,S
Ce,Sb,S
Ce,Sc,S
Ce,Se,S
Ce,Si,S
Ce,Sm,S
Ce,Sn,S
Ce,Sr,S
Ce,Ta,S
Ce,Tb,S
Ce,Tc,S
Ce,Te,S
Ce,Ti,S
Ce,Tl,S
Ce,Tm,S
Ce,V,S
Ce,W,S
Ce,Y,S
Ce,Yb,S
Ce,Zn,S
Ce,Zr,S
Co,Ag,S
Co,Al,S
Co,As,S
Co,Au,S
Co,B,S
Co,Ba,S
Co,Be,S
Co,Bi,S
Co,C,S
Co,Ca,S
Co,Cd,S
Co,Ce,S
Co,Co,S
Co,Cr,S
Co,Cu,S
Co,Dy,S
Co,Er,S
Co,Eu,S
Co,Fe,S
Co,Ga,S
Co,Gd,S
Co,Ge,S
Co,Hf,S
Co,Hg,S
Co,Ho,S
Co,In,S
Co,Ir,S
Co,La,S
Co,Lu,S
Co,Mg,S
Co,Mn,S
Co,Mo,S
Co,Nb,S
Co,Nd,S
Co,Ni,S
Co,Os,S
Co,P,S
Co,Pb,S
Co,Pd,S
Co,Pr,S
Co,Pt,S
Co,Re,S
Co,Rh,S
Co,Ru,S
Co,Sb,S
Co,Sc,S
Co,Se,S
Co,Si,S
Co,Sm,S
Co,Sn,S
Co,Sr,S
Co,Ta,S
Co,Tb,S
Co,Tc,S
Co,Te,S
Co,Ti,S
Co,Tl,S
Co,Tm,S
Co,V,S
Co,W,S
Co,Y,S
Co,Yb,S
Co,Zn,S
Co,Zr,S
Cr,Ag,S
Cr,Al,S
Cr,As,S
Cr,Au,S
Cr,B,S
Cr,Ba,S
Cr,Be,S
Cr,Bi,S
Cr,C,S
Cr,Ca,S
Cr,Cd,S
Cr,Ce,S
Cr,Co,S
Cr,Cr,S
Cr,Cs,S
Cr,Cu,S
Cr,Dy,S
Cr,Er,S
Cr,Eu,S
Cr,Fe,S
Cr,Ga,S
Cr,Gd,S
Cr,Ge,S
Cr,H,S
Cr,Hf,S
Cr,Hg,S
Cr,Ho,S
Cr,In,S
Cr,Ir,S
Cr,K,S
Cr,La,S
Cr,Li,S
Cr,Lu,S
Cr,Mg,S
Cr,Mn,S
Cr,Mo,S
Cr,Na,S
Cr,Nb,S
Cr,Nd,S
Cr,Ni,S
Cr,Os,S
Cr,P,S
Cr,Pb,S
Cr,Pd,S
Cr,Pr,S
Cr,Pt,S
Cr,Rb,S
Cr,Re,S
Cr,Rh,S
Cr,Ru,S
Cr,Sb,S
Cr,Sc,S
Cr,Se,S
Cr,Si,S
Cr,Sm,S
Cr,Sn,S
Cr,Sr,S
Cr,Ta,S
Cr,Tb,S
Cr,Tc,S
Cr,Te,S
Cr,Ti,S
Cr,Tl,S
Cr,Tm,S
Cr,V,S
Cr,W,S
Cr,Y,S
Cr,Yb,S
Cr,Zn,S
Cr,Zr,S
Cs,As,S
Cs,Au,S
Cs,Bi,S
Cs,C,S
Cs,Ce,S
Cs,Co,S
Cs,Cr,S
Cs,Cu,S
Cs,Dy,S
Cs,Er,S
Cs,Eu,S
Cs,Fe,S
Cs,Ga,S
Cs,Gd,S
Cs,Ge,S
Cs,Hf,S
Cs,Ir,S
Cs,La,S
Cs,Mn,S
Cs,Mo,S
Cs,Nb,S
Cs,Nd,S
Cs,Ni,S
Cs,Os,S
Cs,P,S
Cs,Pb,S
Cs,Pd,S
Cs,Pr,S
Cs,Pt,S
Cs,Re,S
Cs,Rh,S
Cs,Ru,S
Cs,Sb,S
Cs,Se,S
Cs,Si,S
Cs,Sm,S
Cs,Sn,S
Cs,Ta,S
Cs,Tb,S
Cs,Tc,S
Cs,Te,S
Cs,Ti,S
Cs,V,S
Cs,W,S
Cs,Y,S
Cs,Yb,S
Cs,Zn,S
Cs,Zr,S
Cu,Ag,S
Cu,Al,S
Cu,As,S
Cu,Au,S
Cu,B,S
Cu,Ba,S
Cu,Be,S
Cu,Bi,S
Cu,C,S
Cu,Ca,S
Cu,Cd,S
Cu,Ce,S
Cu,Co,S
Cu,Cr,S
Cu,Cu,S
Cu,Dy,S
Cu,Er,S
Cu,Eu,S
Cu,Fe,S
Cu,Ga,S
Cu,Gd,S
Cu,Ge,S
Cu,Hf,S
Cu,Hg,S
Cu,Ho,S
Cu,In,S
Cu,Ir,S
Cu,La,S
Cu,Lu,S
Cu,Mg,S
Cu,Mn,S
Cu,Mo,S
Cu,Nb,S
Cu,Nd,S
Cu,Ni,S
Cu,Os,S
Cu,P,S
Cu,Pb,S
Cu,Pd,S
Cu,Pr,S
Cu,Pt,S
Cu,Re,S
Cu,Rh,S
Cu,Ru,S
Cu,Sb,S
Cu,Sc,S
Cu,Se,S
Cu,Si,S
Cu,Sm,S
Cu,Sn,S
Cu,Sr,S
Cu,Ta,S
Cu,Tb,S
Cu,Tc,S
Cu,Te,S
Cu,Ti,S
Cu,Tl,S
Cu,Tm,S
Cu,V,S
Cu,W,S
Cu,Y,S
Cu,Yb,S
Cu,Zn,S
Cu,Zr,S
Dy,Ag,S
Dy,Al,S
Dy,As,S
Dy,Au,S
Dy,B,S
Dy,Ba,S
Dy,Be,S
Dy,Bi,S
Dy,C,S
Dy,Ca,S
Dy,Cd,S
Dy,Ce,S
Dy,Co,S
Dy,Cr,S
Dy,Cu,S
Dy,Dy,S
Dy,Er,S
Dy,Eu,S
Dy,Fe,S
Dy,Ga,S
Dy,Gd,S
Dy,Ge,S
Dy,Hf,S
Dy,Hg,S
Dy,Ho,S
Dy,In,S
Dy,Ir,S
Dy,La,S
Dy,Lu,S
Dy,Mg,S
Dy,Mn,S
Dy,Mo,S
Dy,Nb,S
Dy,Nd,S
Dy,Ni,S
Dy,Os,S
Dy,P,S
Dy,Pb,S
Dy,Pd,S
Dy,Pr,S
Dy,Pt,S
Dy,Re,S
Dy,Rh,S
Dy,Ru,S
Dy,Sb,S
Dy,Sc,S
Dy,Se,S
Dy,Si,S
Dy,Sm,S
Dy,Sn,S
Dy,Sr,S
Dy,Ta,S
Dy,Tb,S
Dy,Tc,S
Dy,Te,S
Dy,Ti,S
Dy,Tl,S
Dy,Tm,S
Dy,V,S
Dy,W,S
Dy,Y,S
Dy,Yb,S
Dy,Zn,S
Dy,Zr,S
Er,Ag,S
Er,Al,S
Er,As,S
Er,Au,S
Er,B,S
Er,Ba,S
Er,Be,S
Er,Bi,S
Er,C,S
Er,Ca,S
Er,Cd,S
Er,Ce,S
Er,Co,S
Er,Cr,S
Er,Cu,S
Er,Dy,S
Er,Er,S
Er,Eu,S
Er,Fe,S
Er,Ga,S
Er,Gd,S
Er,Ge,S
Er,Hf,S
Er,Hg,S
Er,Ho,S
Er,In,S
Er,Ir,S
Er,La,S
Er,Lu,S
Er,Mg,S
Er,Mn,S
Er,Mo,S
Er,Nb,S
Er,Nd,S
Er,Ni,S
Er,Os,S
Er,P,S
Er,Pb,S
Er,Pd,S
Er,Pr,S
Er,Pt,S
Er,Re,S
Er,Rh,S
Er,Ru,S
Er,Sb,S
Er,Sc,S
Er,Se,S
Er,Si,S
Er,Sm,S
Er,Sn,S
Er,Sr,S
Er,Ta,S
Er,Tb,S
Er,Tc,S
Er,Te,S
Er,Ti,S
Er,Tl,S
Er,Tm,S
Er,V,S
Er,W,S
Er,Y,S
Er,Yb,S
Er,Zn,S
Er,Zr,S
Eu,Ag,S
Eu,Al,S
Eu,As,S
Eu,Au,S
Eu,B,S
Eu,Ba,S
Eu,Be,S
Eu,Bi,S
Eu,C,S
Eu,Ca,S
Eu,Cd,S
Eu,Ce,S
Eu,Co,S
Eu,Cr,S
Eu,Cs,S
Eu,Cu,S
Eu,Dy,S
Eu,Er,S
Eu,Eu,S
Eu,Fe,S
Eu,Ga,S
Eu,Gd,S
Eu,Ge,S
Eu,H,S
Eu,Hf,S
Eu,Hg,S
Eu,Ho,S
Eu,In,S
Eu,Ir,S
Eu,K,S
Eu,La,S
Eu,Li,S
Eu,Lu,S
Eu,Mg,S
Eu,Mn,S
Eu,Mo,S
Eu,Na,S
Eu,Nb,S
Eu,Nd,S
Eu,Ni,S
Eu,Os,S
Eu,P,S
Eu,Pb,S
Eu,Pd,S
Eu,Pr,S
Eu,Pt,S
Eu,Rb,S
Eu,Re,S
Eu,Rh,S
Eu,Ru,S
Eu,Sb,S
Eu,Sc,S
Eu,Se,S
Eu,Si,S
Eu,Sm,S
Eu,Sn,S
Eu,Sr,S
Eu,Ta,S
Eu,Tb,S
Eu,Tc,S
Eu,Te,S
Eu,Ti,S
Eu,Tl,S
Eu,Tm,S
Eu,V,S
Eu,W,S
Eu,Y,S
Eu,Yb,S
Eu,Zn,S
Eu,Zr,S
Fe,Ag,S
Fe,Al,S
Fe,As,S
Fe,Au,S
Fe,B,S
Fe,Ba,S
Fe,Be,S
Fe,Bi,S
Fe,C,S
Fe,Ca,S
Fe,Cd,S
Fe,Ce,S
Fe,Co,S
Fe,Cr,S
Fe,Cs,S
Fe,Cu,S
Fe,Dy,S
Fe,Er,S
Fe,Eu,S
Fe,Fe,S
Fe,Ga,S
Fe,Gd,S
Fe,Ge,S
Fe,H,S
Fe,Hf,S
Fe,Hg,S
Fe,Ho,S
Fe,In,S
Fe,Ir,S
Fe,K,S
Fe,La,S
Fe,Li,S
Fe,Lu,S
Fe,Mg,S
Fe,Mn,S
Fe,Mo,S
Fe,Na,S
Fe,Nb,S
Fe,Nd,S
Fe,Ni,S
Fe,Os,S
Fe,P,S
Fe,Pb,S
Fe,Pd,S
Fe,Pr,S
Fe,Pt,S
Fe,Rb,S
Fe,Re,S
Fe,Rh,S
Fe,Ru,S
Fe,Sb,S
Fe,Sc,S
Fe,Se,S
Fe,Si,S
Fe,Sm,S
Fe,Sn,S
Fe,Sr,S
Fe,Ta,S
Fe,Tb,S
Fe,Tc,S
Fe,Te,S
Fe,Ti,S
Fe,Tl,S
Fe,Tm,S
Fe,V,S
Fe,W,S
Fe,Y,S
Fe,Yb,S
Fe,Zn,S
Fe,Zr,S
Ga,Ag,S
Ga,Al,S
Ga,As,S
Ga,Au,S
Ga,B,S
Ga,Ba,S
Ga,Be,S
Ga,Bi,S
Ga,C,S
Ga,Ca,S
Ga,Cd,S
Ga,Ce,S
Ga,Co,S
Ga,Cr,S
Ga,Cu,S
Ga,Dy,S
Ga,Er,S
Ga,Eu,S
Ga,Fe,S
Ga,Ga,S
Ga,Gd,S
Ga,Ge,S
Ga,Hf,S
Ga,Hg,S
Ga,Ho,S
Ga,In,S
Ga,Ir,S
Ga,La,S
Ga,Lu,S
Ga,Mg,S
Ga,Mn,S
Ga,Mo,S
Ga,Nb,S
Ga,Nd,S
Ga,Ni,S
Ga,Os,S
Ga,P,S
Ga,Pb,S
Ga,Pd,S
Ga,Pr,S
Ga,Pt,S
Ga,Re,S
Ga,Rh,S
Ga,Ru,S
Ga,Sb,S
Ga,Sc,S
Ga,Se,S
Ga,Si,S
Ga,Sm,S
Ga,Sn,S
Ga,Sr,S
Ga,Ta,S
Ga,Tb,S
Ga,Tc,S
Ga,Te,S
Ga,Ti,S
Ga,Tl,S
Ga,Tm,S
Ga,V,S
Ga,W,S
Ga,Y,S
Ga,Yb,S
Ga,Zn,S
Ga,Zr,S
Gd,Ag,S
Gd,Al,S
Gd,As,S
Gd,Au,S
Gd,B,S
Gd,Ba,S
Gd,Be,S
Gd,Bi,S
Gd,C,S
Gd,Ca,S
Gd,Cd,S
Gd,Ce,S
Gd,Co,S
Gd,Cr,S
Gd,Cu,S
Gd,Dy,S
Gd,Er,S
Gd,Eu,S
Gd,Fe,S
Gd,Ga,S
Gd,Gd,S
Gd,Ge,S
Gd,Hf,S
Gd,Hg,S
Gd,Ho,S
Gd,In,S
Gd,Ir,S
Gd,La,S
Gd,Lu,S
Gd,Mg,S
Gd,Mn,S
Gd,Mo,S
Gd,Nb,S
Gd,Nd,S
Gd,Ni,S
Gd,Os,S
Gd,P,S
Gd,Pb,S
Gd,Pd,S
Gd,Pr,S
Gd,Pt,S
Gd,Re,S
Gd,Rh,S
Gd,Ru,S
Gd,Sb,S
Gd,Sc,S
Gd,Se,S
Gd,Si,S
Gd,Sm,S
Gd,Sn,S
Gd,Sr,S
Gd,Ta,S
Gd,Tb,S
Gd,Tc,S
Gd,Te,S
Gd,Ti,S
Gd,Tl,S
Gd,Tm,S
Gd,V,S
Gd,W,S
Gd,Y,S
Gd,Yb,S
Gd,Zn,S
Gd,Zr,S
Ge,Ag,S
Ge,Al,S
Ge,As,S
Ge,Au,S
Ge,B,S
Ge,Ba,S
Ge,Be,S
Ge,Bi,S
Ge,C,S
Ge,Ca,S
Ge,Cd,S
Ge,Ce,S
Ge,Co,S
Ge,Cr,S
Ge,Cu,S
Ge,Dy,S
Ge,Er,S
Ge,Eu,S
Ge,Fe,S
Ge,Ga,S
Ge,Gd,S
Ge,Ge,S
Ge,Hf,S
Ge,Hg,S
Ge,Ho,S
Ge,In,S
Ge,Ir,S
Ge,La,S
Ge,Lu,S
Ge,Mg,S
Ge,Mn,S
Ge,Mo,S
Ge,Nb,S
Ge,Nd,S
Ge,Ni,S
Ge,Os,S
Ge,P,S
Ge,Pb,S
Ge,Pd,S
Ge,Pr,S
Ge,Pt,S
Ge,Re,S
Ge,Rh,S
Ge,Ru,S
Ge,Sb,S
Ge,Sc,S
Ge,Se,S
Ge,Si,S
Ge,Sm,S
Ge,Sn,S
Ge,Sr,S
Ge,Ta,S
Ge,Tb,S
Ge,Tc,S
Ge,Te,S
Ge,Ti,S
Ge,Tl,S
Ge,Tm,S
Ge,V,S
Ge,W,S
Ge,Y,S
Ge,Yb,S
Ge,Zn,S
Ge,Zr,S
H,As,S
H,Au,S
H,Bi,S
H,C,S
H,Ce,S
H,Co,S
H,Cr,S
H,Cu,S
H,Dy,S
H,Er,S
H,Eu,S
H,Fe,S
H,Ga,S
H,Gd,S
H,Ge,S
H,Hf,S
H,Ir,S
H,La,S
H,Mn,S
H,Mo,S
H,Nb,S
H,Nd,S
H,Ni,S
H,Os,S
H,P,S
H,Pb,S
H,Pd,S
H,Pr,S
H,Pt,S
H,Re,S
H,Rh,S
H,Ru,S
H,Sb,S
H,Se,S
H,Si,S
H,Sm,S
H,Sn,S
H,Ta,S
H,Tb,S
H,Tc,S
H,Te,S
H,Ti,S
H,V,S
H,W,S
H,Y,S
H,Yb,S
H,Zn,S
H,Zr,S
Hf,Ag,S
Hf,Al,S
Hf,As,S
Hf,Au,S
Hf,B,S
Hf,Ba,S
Hf,Be,S
Hf,Bi,S
Hf,C,S
Hf,Ca,S
Hf,Cd,S
Hf,Ce,S
Hf,Co,S
Hf,Cr,S
Hf,Cu,S
Hf,Dy,S
Hf,Er,S
Hf,Eu,S
Hf,Fe,S
Hf,Ga,S
Hf,Gd,S
Hf,Ge,S
Hf,Hf,S
Hf,Hg,S
Hf,Ho,S
Hf,In,S
Hf,Ir,S
Hf,La,S
Hf,Lu,S
Hf,Mg,S
Hf,Mn,S
Hf,Mo,S
Hf,Nb,S
Hf,Nd,S
Hf,Ni,S
Hf,Os,S
Hf,P,S
Hf,Pb,S
Hf,Pd,S
Hf,Pr,S
Hf,Pt,S
Hf,Re,S
Hf,Rh,S
Hf,Ru,S
Hf,Sb,S
Hf,Sc,S
Hf,Se,S
Hf,Si,S
Hf,Sm,S
Hf,Sn,S
Hf,Sr,S
Hf,Ta,S
Hf,Tb,S
Hf,Tc,S
Hf,Te,S
Hf,Ti,S
Hf,Tl,S
Hf,Tm,S
Hf,V,S
Hf,W,S
Hf,Y,S
Hf,Yb,S
Hf,Zn,S
Hf,Zr,S
Hg,Ag,S
Hg,Al,S
Hg,As,S
Hg,Au,S
Hg,B,S
Hg,Bi,S
Hg,C,S
Hg,Ce,S
Hg,Co,S
Hg,Cr,S
Hg,Cu,S
Hg,Dy,S
Hg,Er,S
Hg,Eu,S
Hg,Fe,S
Hg,Ga,S
Hg,Gd,S
Hg,Ge,S
Hg,Hf,S
Hg,Ho,S
Hg,In,S
Hg,Ir,S
Hg,La,S
Hg,Lu,S
Hg,Mn,S
Hg,Mo,S
Hg,Nb,S
Hg,Nd,S
Hg,Ni,S
Hg,Os,S
Hg,P,S
Hg,Pb,S
Hg,Pd,S
Hg,Pr,S
Hg,Pt,S
Hg,Re,S
Hg,Rh,S
Hg,Ru,S
Hg,Sb,S
Hg,Sc,S
Hg,Se,S
Hg,Si,S
Hg,Sm,S
Hg,Sn,S
Hg,Sr,S
Hg,Ta,S
Hg,Tb,S
Hg,Tc,S
Hg,Te,S
Hg,Ti,S
Hg,Tl,S
Hg,Tm,S
Hg,V,S
Hg,W,S
Hg,Y,S
Hg,Yb,S
Hg,Zn,S
Hg,Zr,S
Ho,Ag,S
Ho,Al,S
Ho,As,S
Ho,Au,S
Ho,B,S
Ho,Bi,S
Ho,C,S
Ho,Ce,S
Ho,Co,S
Ho,Cr,S
Ho,Cu,S
Ho,Dy,S
Ho,Er,S
Ho,Eu,S
Ho,Fe,S
Ho,Ga,S
Ho,Gd,S
Ho,Ge,S
Ho,Hf,S
Ho,Ho,S
Ho,In,S
Ho,Ir,S
Ho,La,S
Ho,Lu,S
Ho,Mn,S
Ho,Mo,S
Ho,Nb,S
Ho,Nd,S
Ho,Ni,S
Ho,Os,S
Ho,P,S
Ho,Pb,S
Ho,Pd,S
Ho,Pr,S
Ho,Pt,S
Ho,Re,S
Ho,Rh,S
Ho,Ru,S
Ho,Sb,S
Ho,Sc,S
Ho,Se,S
Ho,Si,S
Ho,Sm,S
Ho,Sn,S
Ho,Sr,S
Ho,Ta,S
Ho,Tb,S
Ho,Tc,S
Ho,Te,S
Ho,Ti,S
Ho,Tl,S
Ho,Tm,S
Ho,V,S
Ho,W,S
Ho,Y,S
Ho,Yb,S
Ho,Zn,S
Ho,Zr,S
In,Ag,S
In,Al,S
In,As,S
In,Au,S
In,B,S
In,Bi,S
In,C,S
In,Ce,S
In,Co,S
In,Cr,S
In,Cu,S
In,Dy,S
In,Er,S
In,Eu,S
In,Fe,S
In,Ga,S
In,Gd,S
In,Ge,S
In,Hf,S
In,Ho,S
In,In,S
In,Ir,S
In,La,S
In,Lu,S
In,Mn,S
In,Mo,S
In,Nb,S
In,Nd,S
In,Ni,S
In,Os,S
In,P,S
In,Pb,S
In,Pd,S
In,Pr,S
In,Pt,S
In,Re,S
In,Rh,S
In,Ru,S
In,Sb,S
In,Sc,S
In,Se,S
In,Si,S
In,Sm,S
In,Sn,S
In,Sr,S
In,Ta,S
In,Tb,S
In,Tc,S
In,Te,S
In,Ti,S
In,Tl,S
In,Tm,S
In,V,S
In,W,S
In,Y,S
In,Yb,S
In,Zn,S
In,Zr,S
Ir,Ag,S
Ir,Al,S
Ir,As,S
Ir,Au,S
Ir,B,S
Ir,Ba,S
Ir,Be,S
Ir,Bi,S
Ir,C,S
Ir,Ca,S
Ir,Cd,S
Ir,Ce,S
Ir,Co,S
Ir,Cr,S
Ir,Cs,S
Ir,Cu,S
Ir,Dy,S
Ir,Er,S
Ir,Eu,S
Ir,Fe,S
Ir,Ga,S
Ir,Gd,S
Ir,Ge,S
Ir,H,S
Ir,Hf,S
Ir,Hg,S
Ir,Ho,S
Ir,In,S
Ir,Ir,S
Ir,K,S
Ir,La,S
Ir,Li,S
Ir,Lu,S
Ir,Mg,S
Ir,Mn,S
Ir,Mo,S
Ir,Na,S
Ir,Nb,S
Ir,Nd,S
Ir,Ni,S
Ir,Os,S
Ir,P,S
Ir,Pb,S
Ir,Pd,S
Ir,Pr,S
Ir,Pt,S
Ir,Rb,S
Ir,Re,S
Ir,Rh,S
Ir,Ru,S
Ir,Sb,S
Ir,Sc,S
Ir,Se,S
Ir,Si,S
Ir,Sm,S
Ir,Sn,S
Ir,Sr,S
Ir,Ta,S
Ir,Tb,S
Ir,Tc,S
Ir,Te,S
Ir,Ti,S
Ir,Tl,S
Ir,Tm,S
Ir,V,S
Ir,W,S
Ir,Y,S
Ir,Yb,S
Ir,Zn,S
Ir,Zr,S
K,As,S
K,Au,S
K,Bi,S
K,C,S
K,Ce,S
K,Co,S
K,Cr,S
K,Cu,S
K,Dy,S
K,Er,S
K,Eu,S
K,Fe,S
K,Ga,S
K,Gd,S
K,Ge,S
K,Hf,S
K,Ir,S
K,La,S
K,Mn,S
K,Mo,S
K,Nb,S
K,Nd,S
K,Ni,S
K,Os,S
K,P,S
K,Pb,S
K,Pd,S
K,Pr,S
K,Pt,S
K,Re,S
K,Rh,S
K,Ru,S
K,Sb,S
K,Se,S
K,Si,S
K,Sm,S
K,Sn,S
K,Ta,S
K,Tb,S
K,Tc,S
K,Te,S
K,Ti,S
K,V,S
K,W,S
K,Y,S
K,Yb,S
K,Zn,S
K,Zr,S
La,Ag,S
La,Al,S
La,As,S
La,Au,S
La,B,S
La,Ba,S
La,Be,S
La,Bi,S
La,C,S
La,Ca,S
La,Cd,S
La,Ce,S
La,Co,S
La,Cr,S
La,Cu,S
La,Dy,S
La,Er,S
La,Eu,S
La,Fe,S
La,Ga,S
La,Gd,S
La,Ge,S
La,Hf,S
La,Hg,S
La,Ho,S
La,In,S
La,Ir,S
La,La,S
La,Lu,S
La,Mg,S
La,Mn,S
La,Mo,S
La,Nb,S
La,Nd,S
La,Ni,S
La,Os,S
La,P,S
La,Pb,S
La,Pd,S
La,Pr,S
La,Pt,S
La,Re,S
La,Rh,S
La,Ru,S
La,Sb,S
La,Sc,S
La,Se,S
La,Si,S
La,Sm,S
La,Sn,S
La,Sr,S
La,Ta,S
La,Tb,S
La,Tc,S
La,Te,S
La,Ti,S
La,Tl,S
La,Tm,S
La,V,S
La,W,S
La,Y,S
La,Yb,S
La,Zn,S
La,Zr,S
Li,As,S
Li,Au,S
Li,Bi,S
Li,C,S
Li,Ce,S
Li,Co,S
Li,Cr,S
Li,Cu,S
Li,Dy,S
Li,Er,S
Li,Eu,S
Li,Fe,S
Li,Ga,S
Li,Gd,S
Li,Ge,S
Li,Hf,S
Li,Ir,S
Li,La,S
Li,Mn,S
Li,Mo,S
Li,Nb,S
Li,Nd,S
Li,Ni,S
Li,Os,S
Li,P,S
Li,Pb,S
Li,Pd,S
Li,Pr,S
Li,Pt,S
Li,Re,S
Li,Rh,S
Li,Ru,S
Li,Sb,S
Li,Se,S
Li,Si,S
Li,Sm,S
Li,Sn,S
Li,Ta,S
Li,Tb,S
Li,Tc,S
Li,Te,S
Li,Ti,S
Li,V,S
Li,W,S
Li,Y,S
Li,Yb,S
Li,Zn,S
Li,Zr,S
Lu,Ag,S
Lu,Al,S
Lu,As,S
Lu,Au,S
Lu,B,S
Lu,Bi,S
Lu,C,S
Lu,Ce,S
Lu,Co,S
Lu,Cr,S
Lu,Cu,S
Lu,Dy,S
Lu,Er,S
Lu,Eu,S
Lu,Fe,S
Lu,Ga,S
Lu,Gd,S
Lu,Ge,S
Lu,Hf,S
Lu,Ho,S
Lu,In,S
Lu,Ir,S
Lu,La,S
Lu,Lu,S
Lu,Mn,S
Lu,Mo,S
Lu,Nb,S
Lu,Nd,S
Lu,Ni,S
Lu,Os,S
Lu,P,S
Lu,Pb,S
Lu,Pd,S
Lu,Pr,S
Lu,Pt,S
Lu,Re,S
Lu,Rh,S
Lu,Ru,S
Lu,Sb,S
Lu,Sc,S
Lu,Se,S
Lu,Si,S
Lu,Sm,S
Lu,Sn,S
Lu,Sr,S
Lu,Ta,S
Lu,Tb,S
Lu,Tc,S
Lu,Te,S
Lu,Ti,S
Lu,Tl,S
Lu,Tm,S
Lu,V,S
Lu,W,S
Lu,Y,S
Lu,Yb,S
Lu,Zn,S
Lu,Zr,S
Mg,Ag,S
Mg,Al,S
Mg,As,S
Mg,Au,S
Mg,B,S
Mg,Bi,S
Mg,C,S
Mg,Ce,S
Mg,Co,S
Mg,Cr,S
Mg,Cu,S
Mg,Dy,S
Mg,Er,S
Mg,Eu,S
Mg,Fe,S
Mg,Ga,S
Mg,Gd,S
Mg,Ge,S
Mg,Hf,S
Mg,Ho,S
Mg,In,S
Mg,Ir,S
Mg,La,S
Mg,Lu,S
Mg,Mn,S
Mg,Mo,S
Mg,Nb,S
Mg,Nd,S
Mg,Ni,S
Mg,Os,S
Mg,P,S
Mg,Pb,S
Mg,Pd,S
Mg,Pr,S
Mg,Pt,S
Mg,Re,S
Mg,Rh,S
Mg,Ru,S
Mg,Sb,S
Mg,Sc,S
Mg,Se,S
Mg,Si,S
Mg,Sm,S
Mg,Sn,S
Mg,Sr,S
Mg,Ta,S
Mg,Tb,S
Mg,Tc,S
Mg,Te,S
Mg,Ti,S
Mg,Tl,S
Mg,Tm,S
Mg,V,S
Mg,W,S
Mg,Y,S
Mg,Yb,S
Mg,Zn,S
Mg,Zr,S
Mn,Ag,S
Mn,Al,S
Mn,As,S
Mn,Au,S
Mn,B,S
Mn,Ba,S
Mn,Be,S
Mn,Bi,S
Mn,C,S
Mn,Ca,S
Mn,Cd,S
Mn,Ce,S
Mn,Co,S
Mn,Cr,S
Mn,Cs,S
Mn,Cu,S
Mn,Dy,S
Mn,Er,S
Mn,Eu,S
Mn,Fe,S
Mn,Ga,S
Mn,Gd,S
Mn,Ge,S
Mn,H,S
Mn,Hf,S
Mn,Hg,S
Mn,Ho,S
Mn,In,S
Mn,Ir,S
Mn,K,S
Mn,La,S
Mn,Li,S
Mn,Lu,S
Mn,Mg,S
Mn,Mn,S
Mn,Mo,S
Mn,Na,S
Mn,Nb,S
Mn,Nd,S
Mn,Ni,S
Mn,Os,S
Mn,P,S
Mn,Pb,S
Mn,Pd,S
Mn,Pr,S
Mn,Pt,S
Mn,Rb,S
Mn,Re,S
Mn,Rh,S
Mn,Ru,S
Mn,Sb,S
Mn,Sc,S
Mn,Se,S
Mn,Si,S
Mn,Sm,S
Mn,Sn,S
Mn,Sr,S
Mn,Ta,S
Mn,Tb,S
Mn,Tc,S
Mn,Te,S
Mn,Ti,S
Mn,Tl,S
Mn,Tm,S
Mn,V,S
Mn,W,S
Mn,Y,S
Mn,Yb,S
Mn,Zn,S
Mn,Zr,S
Mo,Ag,S
Mo,Al,S
Mo,As,S
Mo,Au,S
Mo,B,S
Mo,Ba,S
Mo,Be,S
Mo,Bi,S
Mo,C,S
Mo,Ca,S
Mo,Cd,S
Mo,Ce,S
Mo,Co,S
Mo,Cr,S
Mo,Cs,S
Mo,Cu,S
Mo,Dy,S
Mo,Er,S
Mo,Eu,S
Mo,Fe,S
Mo,Ga,S
Mo,Gd,S
Mo,Ge,S
Mo,H,S
Mo,Hf,S
Mo,Hg,S
Mo,Ho,S
Mo,In,S
Mo,Ir,S
Mo,K,S
Mo,La,S
Mo,Li,S
Mo,Lu,S
Mo,Mg,S
Mo,Mn,S
Mo,Mo,S
Mo,Na,S
Mo,Nb,S
Mo,Nd,S
Mo,Ni,S
Mo,Os,S
Mo,P,S
Mo,Pb,S
Mo,Pd,S
Mo,Pr,S
Mo,Pt,S
Mo,Rb,S
Mo,Re,S
Mo,Rh,S
Mo,Ru,S
Mo,Sb,S
Mo,Sc,S
Mo,Se,S
Mo,Si,S
Mo,Sm,S
Mo,Sn,S
Mo,Sr,S
Mo,Ta,S
Mo,Tb,S
Mo,Tc,S
Mo,Te,S
Mo,Ti,S
Mo,Tl,S
Mo,Tm,S
Mo,V,S
Mo,W,S
Mo,Y,S
Mo,Yb,S
Mo,Zn,S
Mo,Zr,S
Na,As,S
Na,Au,S
Na,Bi,S
Na,C,S
Na,Ce,S
Na,Co,S
Na,Cr,S
Na,Cu,S
Na,Dy,S
Na,Er,S
Na,Eu,S
Na,Fe,S
Na,Ga,S
Na,Gd,S
Na,Ge,S
Na,Hf,S
Na,Ir,S
Na,La,S
Na,Mn,S
Na,Mo,S
Na,Nb,S
Na,Nd,S
Na,Ni,S
Na,Os,S
Na,P,S
Na,Pb,S
Na,Pd,S
Na,Pr,S
Na,Pt,S
Na,Re,S
Na,Rh,S
Na,Ru,S
Na,Sb,S
Na,Se,S
Na,Si,S
Na,Sm,S
Na,Sn,S
Na,Ta,S
Na,Tb,S
Na,Tc,S
Na,Te,S
Na,Ti,S
Na,V,S
Na,W,S
Na,Y,S
Na,Yb,S
Na,Zn,S
Na,Zr,S
Nb,Ag,S
Nb,Al,S
Nb,As,S
Nb,Au,S
Nb,B,S
Nb,Ba,S
Nb,Be,S
Nb,Bi,S
Nb,C,S
Nb,Ca,S
Nb,Cd,S
Nb,Ce,S
Nb,Co,S
Nb,Cr,S
Nb,Cs,S
Nb,Cu,S
Nb,Dy,S
Nb,Er,S
Nb,Eu,S
Nb,Fe,S
Nb,Ga,S
Nb,Gd,S
Nb,Ge,S
Nb,H,S
Nb,Hf,S
Nb,Hg,S
Nb,Ho,S
Nb,In,S
Nb,Ir,S
Nb,K,S
Nb,La,S
Nb,Li,S
Nb,Lu,S
Nb,Mg,S
Nb,Mn,S
Nb,Mo,S
Nb,Na,S
Nb,Nb,S
Nb,Nd,S
Nb,Ni,S
Nb,Os,S
Nb,P,S
Nb,Pb,S
Nb,Pd,S
Nb,Pr,S
Nb,Pt,S
Nb,Rb,S
Nb,Re,S
Nb,Rh,S
Nb,Ru,S
Nb,Sb,S
Nb,Sc,S
Nb,Se,S
Nb,Si,S
Nb,Sm,S
Nb,Sn,S
Nb,Sr,S
Nb,Ta,S
Nb,Tb,S
Nb,Tc,S
Nb,Te,S
Nb,Ti,S
Nb,Tl,S
Nb,Tm,S
Nb,V,S
Nb,W,S
Nb,Y,S
Nb,Yb,S
Nb,Zn,S
Nb,Zr,S
Nd,Ag,S
Nd,Al,S
Nd,As,S
Nd,Au,S
Nd,B,S
Nd,Ba,S
Nd,Be,S
Nd,Bi,S
Nd,C,S
Nd,Ca,S
Nd,Cd,S
Nd,Ce,S
Nd,Co,S
Nd,Cr,S
Nd,Cu,S
Nd,Dy,S
Nd,Er,S
Nd,Eu,S
Nd,Fe,S
Nd,Ga,S
Nd,Gd,S
Nd,Ge,S
Nd,Hf,S
Nd,Hg,S
Nd,Ho,S
Nd,In,S
Nd,Ir,S
Nd,La,S
Nd,Lu,S
Nd,Mg,S
Nd,Mn,S
Nd,Mo,S
Nd,Nb,S
Nd,Nd,S
Nd,Ni,S
Nd,Os,S
Nd,P,S
Nd,Pb,S
Nd,Pd,S
Nd,Pr,S
Nd,Pt,S
Nd,Re,S
Nd,Rh,S
Nd,Ru,S
Nd,Sb,S
Nd,Sc,S
Nd,Se,S
Nd,Si,S
Nd,Sm,S
Nd,Sn,S
Nd,Sr,S
Nd,Ta,S
Nd,Tb,S
Nd,Tc,S
Nd,Te,S
Nd,Ti,S
Nd,Tl,S
Nd,Tm,S
Nd,V,S
Nd,W,S
Nd,Y,S
Nd,Yb,S
Nd,Zn,S
Nd,Zr,S
Ni,Ag,S
Ni,Al,S
Ni,As,S
Ni,Au,S
Ni,B,S
Ni,Ba,S
Ni,Be,S
Ni,Bi,S
Ni,C,S
Ni,Ca,S
Ni,Cd,S
Ni,Ce,S
Ni,Co,S
Ni,Cr,S
Ni,Cu,S
Ni,Dy,S
Ni,Er,S
Ni,Eu,S
Ni,Fe,S
Ni,Ga,S
Ni,Gd,S
Ni,Ge,S
Ni,Hf,S
Ni,Hg,S
Ni,Ho,S
Ni,In,S
Ni,Ir,S
Ni,La,S
Ni,Lu,S
Ni,Mg,S
Ni,Mn,S
Ni,Mo,S
Ni,Nb,S
Ni,Nd,S
Ni,Ni,S
Ni,Os,S
Ni,P,S
Ni,Pb,S
Ni,Pd,S
Ni,Pr,S
Ni,Pt,S
Ni,Re,S
Ni,Rh,S
Ni,Ru,S
Ni,Sb,S
Ni,Sc,S
Ni,Se,S
Ni,Si,S
Ni,Sm,S
Ni,Sn,S
Ni,Sr,S
Ni,Ta,S
Ni,Tb,S
Ni,Tc,S
Ni,Te,S
Ni,Ti,S
Ni,Tl,S
Ni,Tm,S
Ni,V,S
Ni,W,S
Ni,Y,S
Ni,Yb,S
Ni,Zn,S
Ni,Zr,S
Os,Ag,S
Os,Al,S
Os,As,S
Os,Au,S
Os,B,S
Os,Ba,S
Os,Be,S
Os,Bi,S
Os,C,S
Os,Ca,S
Os,Cd,S
Os,Ce,S
Os,Co,S
Os,Cr,S
Os,Cs,S
Os,Cu,S
Os,Dy,S
Os,Er,S
Os,Eu,S
Os,Fe,S
Os,Ga,S
Os,Gd,S
Os,Ge,S
Os,H,S
Os,Hf,S
Os,Hg,S
Os,Ho,S
Os,In,S
Os,Ir,S
Os,K,S
Os,La,S
Os,Li,S
Os,Lu,S
Os,Mg,S
Os,Mn,S
Os,Mo,S
Os,Na,S
Os,Nb,S
Os,Nd,S
Os,Ni,S
Os,Os,S
Os,P,S
Os,Pb,S
Os,Pd,S
Os,Pr,S
Os,Pt,S
Os,Rb,S
Os,Re,S
Os,Rh,S
Os,Ru,S
Os,Sb,S
Os,Sc,S
Os,Se,S
Os,Si,S
Os,Sm,S
Os,Sn,S
Os,Sr,S
Os,Ta,S
Os,Tb,S
Os,Tc,S
Os,Te,S
Os,Ti,S
Os,Tl,S
Os,Tm,S
Os,V,S
Os,W,S
Os,Y,S
Os,Yb,S
Os,Zn,S
Os,Zr,S
P,Ag,S
P,Al,S
P,As,S
P,Au,S
P,B,S
P,Ba,S
P,Be,S
P,Bi,S
P,C,S
P,Ca,S
P,Cd,S
P,Ce,S
P,Co,S
P,Cr,S
P,Cu,S
P,Dy,S
P,Er,S
P,Eu,S
P,Fe,S
P,Ga,S
P,Gd,S
P,Ge,S
P,Hf,S
P,Hg,S
P,Ho,S
P,In,S
P,Ir,S
P,La,S
P,Lu,S
P,Mg,S
P,Mn,S
P,Mo,S
P,Nb,S
P,Nd,S
P,Ni,S
P,Os,S
P,P,S
P,Pb,S
P,Pd,S
P,Pr,S
P,Pt,S
P,Re,S
P,Rh,S
P,Ru,S
P,Sb,S
P,Sc,S
P,Se,S
P,Si,S
P,Sm,S
P,Sn,S
P,Sr,S
P,Ta,S
P,Tb,S
P,Tc,S
P,Te,S
P,Ti,S
P,Tl,S
P,Tm,S
P,V,S
P,W,S
P,Y,S
P,Yb,S
P,Zn,S
P,Zr,S
Pb,Ag,S
Pb,Al,S
Pb,As,S
Pb,Au,S
Pb,B,S
Pb,Ba,S
Pb,Be,S
Pb,Bi,S
Pb,C,S
Pb,Ca,S
Pb,Cd,S
Pb,Ce,S
Pb,Co,S
Pb,Cr,S
Pb,Cu,S
Pb,Dy,S
Pb,Er,S
Pb,Eu,S
Pb,Fe,S
Pb,Ga,S
Pb,Gd,S
Pb,Ge,S
Pb,Hf,S
Pb,Hg,S
Pb,Ho,S
Pb,In,S
Pb,Ir,S
Pb,La,S
Pb,Lu,S
Pb,Mg,S
Pb,Mn,S
Pb,Mo,S
Pb,Nb,S
Pb,Nd,S
Pb,Ni,S
Pb,Os,S
Pb,P,S
Pb,Pb,S
Pb,Pd,S
Pb,Pr,S
Pb,Pt,S
Pb,Re,S
Pb,Rh,S
Pb,Ru,S
Pb,Sb,S
Pb,Sc,S
Pb,Se,S
Pb,Si,S
Pb,Sm,S
Pb,Sn,S
Pb,Sr,S
Pb,Ta,S
Pb,Tb,S
Pb,Tc,S
Pb,Te,S
Pb,Ti,S
Pb,Tl,S
Pb,Tm,S
Pb,V,S
Pb,W,S
Pb,Y,S
Pb,Yb,S
Pb,Zn,S
Pb,Zr,S
Pd,Ag,S
Pd,Al,S
Pd,As,S
Pd,Au,S
Pd,B,S
Pd,Ba,S
Pd,Be,S
Pd,Bi,S
Pd,C,S
Pd,Ca,S
Pd,Cd,S
Pd,Ce,S
Pd,Co,S
Pd,Cr,S
Pd,Cu,S
Pd,Dy,S
Pd,Er,S
Pd,Eu,S
Pd,Fe,S
Pd,Ga,S
Pd,Gd,S
Pd,Ge,S
Pd,Hf,S
Pd,Hg,S
Pd,Ho,S
Pd,In,S
Pd,Ir,S
Pd,La,S
Pd,Lu,S
Pd,Mg,S
Pd,Mn,S
Pd,Mo,S
Pd,Nb,S
Pd,Nd,S
Pd,Ni,S
Pd,Os,S
Pd,P,S
Pd,Pb,S
Pd,Pd,S
Pd,Pr,S
Pd,Pt,S
Pd,Re,S
Pd,Rh,S
Pd,Ru,S
Pd,Sb,S
Pd,Sc,S
Pd,Se,S
Pd,Si,S
Pd,Sm,S
Pd,Sn,S
Pd,Sr,S
Pd,Ta,S
Pd,Tb,S
Pd,Tc,S
Pd,Te,S
Pd,Ti,S
Pd,Tl,S
Pd,Tm,S
Pd,V,S
Pd,W,S
Pd,Y,S
Pd,Yb,S
Pd,Zn,S
Pd,Zr,S
Pr,Ag,S
Pr,Al,S
Pr,As,S
Pr,Au,S
Pr,B,S
Pr,Ba,S
Pr,Be,S
Pr,Bi,S
Pr,C,S
Pr,Ca,S
Pr,Cd,S
Pr,Ce,S
Pr,Co,S
Pr,Cr,S
Pr,Cu,S
Pr,Dy,S
Pr,Er,S
Pr,Eu,S
Pr,Fe,S
Pr,Ga,S
Pr,Gd,S
Pr,Ge,S
Pr,Hf,S
Pr,Hg,S
Pr,Ho,S
Pr,In,S
Pr,Ir,S
Pr,La,S
Pr,Lu,S
Pr,Mg,S
Pr,Mn,S
Pr,Mo,S
Pr,Nb,S
Pr,Nd,S
Pr,Ni,S
Pr,Os,S
Pr,P,S
Pr,Pb,S
Pr,Pd,S
Pr,Pr,S
Pr,Pt,S
Pr,Re,S
Pr,Rh,S
Pr,Ru,S
Pr,Sb,S
Pr,Sc,S
Pr,Se,S
Pr,Si,S
Pr,Sm,S
Pr,Sn,S
Pr,Sr,S
Pr,Ta,S
Pr,Tb,S
Pr,Tc,S
Pr,Te,S
Pr,Ti,S
Pr,Tl,S
Pr,Tm,S
Pr,V,S
Pr,W,S
Pr,Y,S
Pr,Yb,S
Pr,Zn,S
Pr,Zr,S
Pt,Ag,S
Pt,Al,S
Pt,As,S
Pt,Au,S
Pt,B,S
Pt,Ba,S
Pt,Be,S
Pt,Bi,S
Pt,C,S
Pt,Ca,S
Pt,Cd,S
Pt,Ce,S
Pt,Co,S
Pt,Cr,S
Pt,Cs,S
Pt,Cu,S
Pt,Dy,S
Pt,Er,S
Pt,Eu,S
Pt,Fe,S
Pt,Ga,S
Pt,Gd,S
Pt,Ge,S
Pt,H,S
Pt,Hf,S
Pt,Hg,S
Pt,Ho,S
Pt,In,S
Pt,Ir,S
Pt,K,S
Pt,La,S
Pt,Li,S
Pt,Lu,S
Pt,Mg,S
Pt,Mn,S
Pt,Mo,S
Pt,Na,S
Pt,Nb,S
Pt,Nd,S
Pt,Ni,S
Pt,Os,S
Pt,P,S
Pt,Pb,S
Pt,Pd,S
Pt,Pr,S
Pt,Pt,S
Pt,Rb,S
Pt,Re,S
Pt,Rh,S
Pt,Ru,S
Pt,Sb,S
Pt,Sc,S
Pt,Se,S
Pt,Si,S
Pt,Sm,S
Pt,Sn,S
Pt,Sr,S
Pt,Ta,S
Pt,Tb,S
Pt,Tc,S
Pt,Te,S
Pt,Ti,S
Pt,Tl,S
Pt,Tm,S
Pt,V,S
Pt,W,S
Pt,Y,S
Pt,Yb,S
Pt,Zn,S
Pt,Zr,S
Rb,As,S
Rb,Au,S
Rb,Bi,S
Rb,C,S
Rb,Ce,S
Rb,Co,S
Rb,Cr,S
Rb,Cu,S
Rb,Dy,S
Rb,Er,S
Rb,Eu,S
Rb,Fe,S
Rb,Ga,S
Rb,Gd,S
Rb,Ge,S
Rb,Hf,S
Rb,Ir,S
Rb,La,S
Rb,Mn,S
Rb,Mo,S
Rb,Nb,S
Rb,Nd,S
Rb,Ni,S
Rb,Os,S
Rb,P,S
Rb,Pb,S
Rb,Pd,S
Rb,Pr,S
Rb,Pt,S
Rb,Re,S
Rb,Rh,S
Rb,Ru,S
Rb,Sb,S
Rb,Se,S
Rb,Si,S
Rb,Sm,S
Rb,Sn,S
Rb,Ta,S
Rb,Tb,S
Rb,Tc,S
Rb,Te,S
Rb,Ti,S
Rb,V,S
Rb,W,S
Rb,Y,S
Rb,Yb,S
Rb,Zn,S
Rb,Zr,S
Re,Ag,S
Re,Al,S
Re,As,S
Re,Au,S
Re,B,S
Re,Ba,S
Re,Be,S
Re,Bi,S
Re,C,S
Re,Ca,S
Re,Cd,S
Re,Ce,S
Re,Co,S
Re,Cr,S
Re,Cs,S
Re,Cu,S
Re,Dy,S
Re,Er,S
Re,Eu,S
Re,Fe,S
Re,Ga,S
Re,Gd,S
Re,Ge,S
Re,H,S
Re,Hf,S
Re,Hg,S
Re,Ho,S
Re,In,S
Re,Ir,S
Re,K,S
Re,La,S
Re,Li,S
Re,Lu,S
Re,Mg,S
Re,Mn,S
Re,Mo,S
Re,Na,S
Re,Nb,S
Re,Nd,S
Re,Ni,S
Re,Os,S
Re,P,S
Re,Pb,S
Re,Pd,S
Re,Pr,S
Re,Pt,S
Re,Rb,S
Re,Re,S
Re,Rh,S
Re,Ru,S
Re,Sb,S
Re,Sc,S
Re,Se,S
Re,Si,S
Re,Sm,S
Re,Sn,S
Re,Sr,S
Re,Ta,S
Re,Tb,S
Re,Tc,S
Re,Te,S
Re,Ti,S
Re,Tl,S
Re,Tm,S
Re,V,S
Re,W,S
Re,Y,S
Re,Yb,S
Re,Zn,S
Re,Zr,S
Rh,Ag,S
Rh,Al,S
Rh,As,S
Rh,Au,S
Rh,B,S
Rh,Ba,S
Rh,Be,S
Rh,Bi,S
Rh,C,S
Rh,Ca,S
Rh,Cd,S
Rh,Ce,S
Rh,Co,S
Rh,Cr,S
Rh,Cu,S
Rh,Dy,S
Rh,Er,S
Rh,Eu,S
Rh,Fe,S
Rh,Ga,S
Rh,Gd,S
Rh,Ge,S
Rh,Hf,S
Rh,Hg,S
Rh,Ho,S
Rh,In,S
Rh,Ir,S
Rh,La,S
Rh,Lu,S
Rh,Mg,S
Rh,Mn,S
Rh,Mo,S
Rh,Nb,S
Rh,Nd,S
Rh,Ni,S
Rh,Os,S
Rh,P,S
Rh,Pb,S
Rh,Pd,S
Rh,Pr,S
Rh,Pt,S
Rh,Re,S
Rh,Rh,S
Rh,Ru,S
Rh,Sb,S
Rh,Sc,S
Rh,Se,S
Rh,Si,S
Rh,Sm,S
Rh,Sn,S
Rh,Sr,S
Rh,Ta,S
Rh,Tb,S
Rh,Tc,S
Rh,Te,S
Rh,Ti,S
Rh,Tl,S
Rh,Tm,S
Rh,V,S
Rh,W,S
Rh,Y,S
Rh,Yb,S
Rh,Zn,S
Rh,Zr,S
Ru,Ag,S
Ru,Al,S
Ru,As,S
Ru,Au,S
Ru,B,S
Ru,Ba,S
Ru,Be,S
Ru,Bi,S
Ru,C,S
Ru,Ca,S
Ru,Cd,S
Ru,Ce,S
Ru,Co,S
Ru,Cr,S
Ru,Cs,S
Ru,Cu,S
Ru,Dy,S
Ru,Er,S
Ru,Eu,S
Ru,Fe,S
Ru,Ga,S
Ru,Gd,S
Ru,Ge,S
Ru,H,S
Ru,Hf,S
Ru,Hg,S
Ru,Ho,S
Ru,In,S
Ru,Ir,S
Ru,K,S
Ru,La,S
Ru,Li,S
Ru,Lu,S
Ru,Mg,S
Ru,Mn,S
Ru,Mo,S
Ru,Na,S
Ru,Nb,S
Ru,Nd,S
Ru,Ni,S
Ru,Os,S
Ru,P,S
Ru,Pb,S
Ru,Pd,S
Ru,Pr,S
Ru,Pt,S
Ru,Rb,S
Ru,Re,S
Ru,Rh,S
Ru,Ru,S
Ru,Sb,S
Ru,Sc,S
Ru,Se,S
Ru,Si,S
Ru,Sm,S
Ru,Sn,S
Ru,Sr,S
Ru,Ta,S
Ru,Tb,S
Ru,Tc,S
Ru,Te,S
Ru,Ti,S
Ru,Tl,S
Ru,Tm,S
Ru,V,S
Ru,W,S
Ru,Y,S
Ru,Yb,S
Ru,Zn,S
Ru,Zr,S
Sb,Ag,S
Sb,Al,S
Sb,As,S
Sb,Au,S
Sb,B,S
Sb,Ba,S
Sb,Be,S
Sb,Bi,S
Sb,C,S
Sb,Ca,S
Sb,Cd,S
Sb,Ce,S
Sb,Co,S
Sb,Cr,S
Sb,Cu,S
Sb,Dy,S
Sb,Er,S
Sb,Eu,S
Sb,Fe,S
Sb,Ga,S
Sb,Gd,S
Sb,Ge,S
Sb,Hf,S
Sb,Hg,S
Sb,Ho,S
Sb,In,S
Sb,Ir,S
Sb,La,S
Sb,Lu,S
Sb,Mg,S
Sb,Mn,S
Sb,Mo,S
Sb,Nb,S
Sb,Nd,S
Sb,Ni,S
Sb,Os,S
Sb,P,S
Sb,Pb,S
Sb,Pd,S
Sb,Pr,S
Sb,Pt,S
Sb,Re,S
Sb,Rh,S
Sb,Ru,S
Sb,Sb,S
Sb,Sc,S
Sb,Se,S
Sb,Si,S
Sb,Sm,S
Sb,Sn,S
Sb,Sr,S
Sb,Ta,S
Sb,Tb,S
Sb,Tc,S
Sb,Te,S
Sb,Ti,S
Sb,Tl,S
Sb,Tm,S
Sb,V,S
Sb,W,S
Sb,Y,S
Sb,Yb,S
Sb,Zn,S
Sb,Zr,S
Sc,Ag,S
Sc,Al,S
Sc,As,S
Sc,Au,S
Sc,B,S
Sc,Bi,S
Sc,C,S
Sc,Ce,S
Sc,Co,S
Sc,Cr,S
Sc,Cu,S
Sc,Dy,S
Sc,Er,S
Sc,Eu,S
Sc,Fe,S
Sc,Ga,S
Sc,Gd,S
Sc,Ge,S
Sc,Hf,S
Sc,Ho,S
Sc,In,S
Sc,Ir,S
Sc,La,S
Sc,Lu,S
Sc,Mn,S
Sc,Mo,S
Sc,Nb,S
Sc,Nd,S
Sc,Ni,S
Sc,Os,S
Sc,P,S
Sc,Pb,S
Sc,Pd,S
Sc,Pr,S
Sc,Pt,S
Sc,Re,S
Sc,Rh,S
Sc,Ru,S
Sc,Sb,S
Sc,Sc,S
Sc,Se,S
Sc,Si,S
Sc,Sm,S
Sc,Sn,S
Sc,Sr,S
Sc,Ta,S
Sc,Tb,S
Sc,Tc,S
Sc,Te,S
Sc,Ti,S
Sc,Tl,S
Sc,Tm,S
Sc,V,S
Sc,W,S
Sc,Y,S
Sc,Yb,S
Sc,Zn,S
Sc,Zr,S
Se,Ag,S
Se,Al,S
Se,As,S
Se,Au,S
Se,B,S
Se,Ba,S
Se,Be,S
Se,Bi,S
Se,C,S
Se,Ca,S
Se,Cd,S
Se,Ce,S
Se,Co,S
Se,Cr,S
Se,Cs,S
Se,Cu,S
Se,Dy,S
Se,Er,S
Se,Eu,S
Se,Fe,S
Se,Ga,S
Se,Gd,S
Se,Ge,S
Se,H,S
Se,Hf,S
Se,Hg,S
Se,Ho,S
Se,In,S
Se,Ir,S
Se,K,S
Se,La,S
Se,Li,S
Se,Lu,S
Se,Mg,S
Se,Mn,S
Se,Mo,S
Se,Na,S
Se,Nb,S
Se,Nd,S
Se,Ni,S
Se,Os,S
Se,P,S
Se,Pb,S
Se,Pd,S
Se,Pr,S
Se,Pt,S
Se,Rb,S
Se,Re,S
Se,Rh,S
Se,Ru,S
Se,Sb,S
Se,Sc,S
Se,Se,S
Se,Si,S
Se,Sm,S
Se,Sn,S
Se,Sr,S
Se,Ta,S
Se,Tb,S
Se,Tc,S
Se,Te,S
Se,Ti,S
Se,Tl,S
Se,Tm,S
Se,V,S
Se,W,S
Se,Y,S
Se,Yb,S
Se,Zn,S
Se,Zr,S
Si,Ag,S
Si,Al,S
Si,As,S
Si,Au,S
Si,B,S
Si,Ba,S
Si,Be,S
Si,Bi,S
Si,C,S
Si,Ca,S
Si,Cd,S
Si,Ce,S
Si,Co,S
Si,Cr,S
Si,Cu,S
Si,Dy,S
Si,Er,S
Si,Eu,S
Si,Fe,S
Si,Ga,S
Si,Gd,S
Si,Ge,S
Si,Hf,S
Si,Hg,S
Si,Ho,S
Si,In,S
Si,Ir,S
Si,La,S
Si,Lu,S
Si,Mg,S
Si,Mn,S
Si,Mo,S
Si,Nb,S
Si,Nd,S
Si,Ni,S
Si,Os,S
Si,P,S
Si,Pb,S
Si,Pd,S
Si,Pr,S
Si,Pt,S
Si,Re,S
Si,Rh,S
Si,Ru,S
Si,Sb,S
Si,Sc,S
Si,Se,S
Si,Si,S
Si,Sm,S
Si,Sn,S
Si,Sr,S
Si,Ta,S
Si,Tb,S
Si,Tc,S
Si,Te,S
Si,Ti,S
Si,Tl,S
Si,Tm,S
Si,V,S
Si,W,S
Si,Y,S
Si,Yb,S
Si,Zn,S
Si,Zr,S
Sm,Ag,S
Sm,Al,S
Sm,As,S
Sm,Au,S
Sm,B,S
Sm,Ba,S
Sm,Be,S
Sm,Bi,S
Sm,C,S
Sm,Ca,S
Sm,Cd,S
Sm,Ce,S
Sm,Co,S
Sm,Cr,S
Sm,Cu,S
Sm,Dy,S
Sm,Er,S
Sm,Eu,S
Sm,Fe,S
Sm,Ga,S
Sm,Gd,S
Sm,Ge,S
Sm,Hf,S
Sm,Hg,S
Sm,Ho,S
Sm,In,S
Sm,Ir,S
Sm,La,S
Sm,Lu,S
Sm,Mg,S
Sm,Mn,S
Sm,Mo,S
Sm,Nb,S
Sm,Nd,S
Sm,Ni,S
Sm,Os,S
Sm,P,S
Sm,Pb,S
Sm,Pd,S
Sm,Pr,S
Sm,Pt,S
Sm,Re,S
Sm,Rh,S
Sm,Ru,S
Sm,Sb,S
Sm,Sc,S
Sm,Se,S
Sm,Si,S
Sm,Sm,S
Sm,Sn,S
Sm,Sr,S
Sm,Ta,S
Sm,Tb,S
Sm,Tc,S
Sm,Te,S
Sm,Ti,S
Sm,Tl,S
Sm,Tm,S
Sm,V,S
Sm,W,S
Sm,Y,S
Sm,Yb,S
Sm,Zn,S
Sm,Zr,S
Sn,Ag,S
Sn,Al,S
Sn,As,S
Sn,Au,S
Sn,B,S
Sn,Ba,S
Sn,Be,S
Sn,Bi,S
Sn,C,S
Sn,Ca,S
Sn,Cd,S
Sn,Ce,S
Sn,Co,S
Sn,Cr,S
Sn,Cu,S
Sn,Dy,S
Sn,Er,S
Sn,Eu,S
Sn,Fe,S
Sn,Ga,S
Sn,Gd,S
Sn,Ge,S
Sn,Hf,S
Sn,Hg,S
Sn,Ho,S
Sn,In,S
Sn,Ir,S
Sn,La,S
Sn,Lu,S
Sn,Mg,S
Sn,Mn,S
Sn,Mo,S
Sn,Nb,S
Sn,Nd,S
Sn,Ni,S
Sn,Os,S
Sn,P,S
Sn,Pb,S
Sn,Pd,S
Sn,Pr,S
Sn,Pt,S
Sn,Re,S
Sn,Rh,S
Sn,Ru,S
Sn,Sb,S
Sn,Sc,S
Sn,Se,S
Sn,Si,S
Sn,Sm,S
Sn,Sn,S
Sn,Sr,S
Sn,Ta,S
Sn,Tb,S
Sn,Tc,S
Sn,Te,S
Sn,Ti,S
Sn,Tl,S
Sn,Tm,S
Sn,V,S
Sn,W,S
Sn,Y,S
Sn,Yb,S
Sn,Zn,S
Sn,Zr,S
Sr,Ag,S
Sr,Al,S
Sr,As,S
Sr,Au,S
Sr,B,S
Sr,Ba,S
Sr,Be,S
Sr,Bi,S
Sr,C,S
Sr,Ca,S
Sr,Cd,S
Sr,Ce,S
Sr,Co,S
Sr,Cr,S
Sr,Cu,S
Sr,Dy,S
Sr,Er,S
Sr,Eu,S
Sr,Fe,S
Sr,Ga,S
Sr,Gd,S
Sr,Ge,S
Sr,Hf,S
Sr,Hg,S
Sr,Ho,S
Sr,In,S
Sr,Ir,S
Sr,La,S
Sr,Lu,S
Sr,Mg,S
Sr,Mn,S
Sr,Mo,S
Sr,Nb,S
Sr,Nd,S
Sr,Ni,S
Sr,Os,S
Sr,P,S
Sr,Pb,S
Sr,Pd,S
Sr,Pr,S
Sr,Pt,S
Sr,Re,S
Sr,Rh,S
Sr,Ru,S
Sr,Sb,S
Sr,Sc,S
Sr,Se,S
Sr,Si,S
Sr,Sm,S
Sr,Sn,S
Sr,Sr,S
Sr,Ta,S
Sr,Tb,S
Sr,Tc,S
Sr,Te,S
Sr,Ti,S
Sr,Tl,S
Sr,Tm,S
Sr,V,S
Sr,W,S
Sr,Y,S
Sr,Yb,S
Sr,Zn,S
Sr,Zr,S
Ta,Ag,S
Ta,Al,S
Ta,As,S
Ta,Au,S
Ta,B,S
Ta,Ba,S
Ta,Be,S
Ta,Bi,S
Ta,C,S
Ta,Ca,S
Ta,Cd,S
Ta,Ce,S
Ta,Co,S
Ta,Cr,S
Ta,Cs,S
Ta,Cu,S
Ta,Dy,S
Ta,Er,S
Ta,Eu,S
Ta,Fe,S
Ta,Ga,S
Ta,Gd,S
Ta,Ge,S
Ta,H,S
Ta,Hf,S
Ta,Hg,S
Ta,Ho,S
Ta,In,S
Ta,Ir,S
Ta,K,S
Ta,La,S
Ta,Li,S
Ta,Lu,S
Ta,Mg,S
Ta,Mn,S
Ta,Mo,S
Ta,Na,S
Ta,Nb,S
Ta,Nd,S
Ta,Ni,S
Ta,Os,S
Ta,P,S
Ta,Pb,S
Ta,Pd,S
Ta,Pr,S
Ta,Pt,S
Ta,Rb,S
Ta,Re,S
Ta,Rh,S
Ta,Ru,S
Ta,Sb,S
Ta,Sc,S
Ta,Se,S
Ta,Si,S
Ta,Sm,S
Ta,Sn,S
Ta,Sr,S
Ta,Ta,S
Ta,Tb,S
Ta,Tc,S
Ta,Te,S
Ta,Ti,S
Ta,Tl,S
Ta,Tm,S
Ta,V,S
Ta,W,S
Ta,Y,S
Ta,Yb,S
Ta,Zn,S
Ta,Zr,S
Tb,Ag,S
Tb,Al,S
Tb,As,S
Tb,Au,S
Tb,B,S
Tb,Ba,S
Tb,Be,S
Tb,Bi,S
Tb,C,S
Tb,Ca,S
Tb,Cd,S
Tb,Ce,S
Tb,Co,S
Tb,Cr,S
Tb,Cu,S
Tb,Dy,S
Tb,Er,S
Tb,Eu,S
Tb,Fe,S
Tb,Ga,S
Tb,Gd,S
Tb,Ge,S
Tb,Hf,S
Tb,Hg,S
Tb,Ho,S
Tb,In,S
Tb,Ir,S
Tb,La,S
Tb,Lu,S
Tb,Mg,S
Tb,Mn,S
Tb,Mo,S
Tb,Nb,S
Tb,Nd,S
Tb,Ni,S
Tb,Os,S
Tb,P,S
Tb,Pb,S
Tb,Pd,S
Tb,Pr,S
Tb,Pt,S
Tb,Re,S
Tb,Rh,S
Tb,Ru,S
Tb,Sb,S
Tb,Sc,S
Tb,Se,S
Tb,Si,S
Tb,Sm,S
Tb,Sn,S
Tb,Sr,S
Tb,Ta,S
Tb,Tb,S
Tb,Tc,S
Tb,Te,S
Tb,Ti,S
Tb,Tl,S
Tb,Tm,S
Tb,V,S
Tb,W,S
Tb,Y,S
Tb,Yb,S
Tb,Zn,S
Tb,Zr,S
Tc,Ag,S
Tc,Al,S
Tc,As,S
Tc,Au,S
Tc,B,S
Tc,Ba,S
Tc,Be,S
Tc,Bi,S
Tc,C,S
Tc,Ca,S
Tc,Cd,S
Tc,Ce,S
Tc,Co,S
Tc,Cr,S
Tc,Cs,S
Tc,Cu,S
Tc,Dy,S
Tc,Er,S
Tc,Eu,S
Tc,Fe,S
Tc,Ga,S
Tc,Gd,S
Tc,Ge,S
Tc,H,S
Tc,Hf,S
Tc,Hg,S
Tc,Ho,S
Tc,In,S
Tc,Ir,S
Tc,K,S
Tc,La,S
Tc,Li,S
Tc,Lu,S
Tc,Mg,S
Tc,Mn,S
Tc,Mo,S
Tc,Na,S
Tc,Nb,S
Tc,Nd,S
Tc,Ni,S
Tc,Os,S
Tc,P,S
Tc,Pb,S
Tc,Pd,S
Tc,Pr,S
Tc,Pt,S
Tc,Rb,S
Tc,Re,S
Tc,Rh,S
Tc,Ru,S
Tc,Sb,S
Tc,Sc,S
Tc,Se,S
Tc,Si,S
Tc,Sm,S
Tc,Sn,S
Tc,Sr,S
Tc,Ta,S
Tc,Tb,S
Tc,Tc,S
Tc,Te,S
Tc,Ti,S
Tc,Tl,S
Tc,Tm,S
Tc,V,S
Tc,W,S
Tc,Y,S
Tc,Yb,S
Tc,Zn,S
Tc,Zr,S
Te,Ag,S
Te,Al,S
Te,As,S
Te,Au,S
Te,B,S
Te,Ba,S
Te,Be,S
Te,Bi,S
Te,C,S
Te,Ca,S
Te,Cd,S
Te,Ce,S
Te,Co,S
Te,Cr,S
Te,Cs,S
Te,Cu,S
Te,Dy,S
Te,Er,S
Te,Eu,S
Te,Fe,S
Te,Ga,S
Te,Gd,S
Te,Ge,S
Te,H,S
Te,Hf,S
Te,Hg,S
Te,Ho,S
Te,In,S
Te,Ir,S
Te,K,S
Te,La,S
Te,Li,S
Te,Lu,S
Te,Mg,S
Te,Mn,S
Te,Mo,S
Te,Na,S
Te,Nb,S
Te,Nd,S
Te,Ni,S
Te,Os,S
Te,P,S
Te,Pb,S
Te,Pd,S
Te,Pr,S
Te,Pt,S
Te,Rb,S
Te,Re,S
Te,Rh,S
Te,Ru,S
Te,Sb,S
Te,Sc,S
Te,Se,S
Te,Si,S
Te,Sm,S
Te,Sn,S
Te,Sr,S
Te,Ta,S
Te,Tb,S
Te,Tc,S
Te,Te,S
Te,Ti,S
Te,Tl,S
Te,Tm,S
Te,V,S
Te,W,S
Te,Y,S
Te,Yb,S
Te,Zn,S
Te,Zr,S
Ti,Ag,S
Ti,Al,S
Ti,As,S
Ti,Au,S
Ti,B,S
Ti,Ba,S
Ti,Be,S
Ti,Bi,S
Ti,C,S
Ti,Ca,S
Ti,Cd,S
Ti,Ce,S
Ti,Co,S
Ti,Cr,S
Ti,Cu,S
Ti,Dy,S
Ti,Er,S
Ti,Eu,S
Ti,Fe,S
Ti,Ga,S
Ti,Gd,S
Ti,Ge,S
Ti,Hf,S
Ti,Hg,S
Ti,Ho,S
Ti,In,S
Ti,Ir,S
Ti,La,S
Ti,Lu,S
Ti,Mg,S
Ti,Mn,S
Ti,Mo,S
Ti,Nb,S
Ti,Nd,S
Ti,Ni,S
Ti,Os,S
Ti,P,S
Ti,Pb,S
Ti,Pd,S
Ti,Pr,S
Ti,Pt,S
Ti,Re,S
Ti,Rh,S
Ti,Ru,S
Ti,Sb,S
Ti,Sc,S
Ti,Se,S
Ti,Si,S
Ti,Sm,S
Ti,Sn,S
Ti,Sr,S
Ti,Ta,S
Ti,Tb,S
Ti,Tc,S
Ti,Te,S
Ti,Ti,S
Ti,Tl,S
Ti,Tm,S
Ti,V,S
Ti,W,S
Ti,Y,S
Ti,Yb,S
Ti,Zn,S
Ti,Zr,S
Tl,Ag,S
Tl,Al,S
Tl,As,S
Tl,Au,S
Tl,B,S
Tl,Bi,S
Tl,C,S
Tl,Ce,S
Tl,Co,S
Tl,Cr,S
Tl,Cu,S
Tl,Dy,S
Tl,Er,S
Tl,Eu,S
Tl,Fe,S
Tl,Ga,S
Tl,Gd,S
Tl,Ge,S
Tl,Hf,S
Tl,Ho,S
Tl,In,S
Tl,Ir,S
Tl,La,S
Tl,Lu,S
Tl,Mn,S
Tl,Mo,S
Tl,Nb,S
Tl,Nd,S
Tl,Ni,S
Tl,Os,S
Tl,P,S
Tl,Pb,S
Tl,Pd,S
Tl,Pr,S
Tl,Pt,S
Tl,Re,S
Tl,Rh,S
Tl,Ru,S
Tl,Sb,S
Tl,Sc,S
Tl,Se,S
Tl,Si,S
Tl,Sm,S
Tl,Sn,S
Tl,Sr,S
Tl,Ta,S
Tl,Tb,S
Tl,Tc,S
Tl,Te,S
Tl,Ti,S
Tl,Tl,S
Tl,Tm,S
Tl,V,S
Tl,W,S
Tl,Y,S
Tl,Yb,S
Tl,Zn,S
Tl,Zr,S
Tm,Ag,S
Tm,Al,S
Tm,As,S
Tm,Au,S
Tm,B,S
Tm,Bi,S
Tm,C,S
Tm,Ce,S
Tm,Co,S
Tm,Cr,S
Tm,Cu,S
Tm,Dy,S
Tm,Er,S
Tm,Eu,S
Tm,Fe,S
Tm,Ga,S
Tm,Gd,S
Tm,Ge,S
Tm,Hf,S
Tm,Ho,S
Tm,In,S
Tm,Ir,S
Tm,La,S
Tm,Lu,S
Tm,Mn,S
Tm,Mo,S
Tm,Nb,S
Tm,Nd,S
Tm,Ni,S
Tm,Os,S
Tm,P,S
Tm,Pb,S
Tm,Pd,S
Tm,Pr,S
Tm,Pt,S
Tm,Re,S
Tm,Rh,S
Tm,Ru,S
Tm,Sb,S
Tm,Sc,S
Tm,Se,S
Tm,Si,S
Tm,Sm,S
Tm,Sn,S
Tm,Sr,S
Tm,Ta,S
Tm,Tb,S
Tm,Tc,S
Tm,Te,S
Tm,Ti,S
Tm,Tl,S
Tm,Tm,S
Tm,V,S
Tm,W,S
Tm,Y,S
Tm,Yb,S
Tm,Zn,S
Tm,Zr,S
V,Ag,S
V,Al,S
V,As,S
V,Au,S
V,B,S
V,Ba,S
V,Be,S
V,Bi,S
V,C,S
V,Ca,S
V,Cd,S
V,Ce,S
V,Co,S
V,Cr,S
V,Cu,S
V,Dy,S
V,Er,S
V,Eu,S
V,Fe,S
V,Ga,S
V,Gd,S
V,Ge,S
V,Hf,S
V,Hg,S
V,Ho,S
V,In,S
V,Ir,S
V,La,S
V,Lu,S
V,Mg,S
V,Mn,S
V,Mo,S
V,Nb,S
V,Nd,S
V,Ni,S
V,Os,S
V,P,S
V,Pb,S
V,Pd,S
V,Pr,S
V,Pt,S
V,Re,S
V,Rh,S
V,Ru,S
V,Sb,S
V,Sc,S
V,Se,S
V,Si,S
V,Sm,S
V,Sn,S
V,Sr,S
V,Ta,S
V,Tb,S
V,Tc,S
V,Te,S
V,Ti,S
V,Tl,S
V,Tm,S
V,V,S
V,W,S
V,Y,S
V,Yb,S
V,Zn,S
V,Zr,S
W,Ag,S
W,Al,S
W,As,S
W,Au,S
W,B,S
W,Ba,S
W,Be,S
W,Bi,S
W,C,S
W,Ca,S
W,Cd,S
W,Ce,S
W,Co,S
W,Cr,S
W,Cs,S
W,Cu,S
W,Dy,S
W,Er,S
W,Eu,S
W,Fe,S
W,Ga,S
W,Gd,S
W,Ge,S
W,H,S
W,Hf,S
W,Hg,S
W,Ho,S
W,In,S
W,Ir,S
W,K,S
W,La,S
W,Li,S
W,Lu,S
W,Mg,S
W,Mn,S
W,Mo,S
W,Na,S
W,Nb,S
W,Nd,S
W,Ni,S
W,Os,S
W,P,S
W,Pb,S
W,Pd,S
W,Pr,S
W,Pt,S
W,Rb,S
W,Re,S
W,Rh,S
W,Ru,S
W,Sb,S
W,Sc,S
W,Se,S
W,Si,S
W,Sm,S
W,Sn,S
W,Sr,S
W,Ta,S
W,Tb,S
W,Tc,S
W,Te,S
W,Ti,S
W,Tl,S
W,Tm,S
W,V,S
W,W,S
W,Y,S
W,Yb,S
W,Zn,S
W,Zr,S
Y,Ag,S
Y,Al,S
Y,As,S
Y,Au,S
Y,B,S
Y,Ba,S
Y,Be,S
Y,Bi,S
Y,C,S
Y,Ca,S
Y,Cd,S
Y,Ce,S
Y,Co,S
Y,Cr,S
Y,Cu,S
Y,Dy,S
Y,Er,S
Y,Eu,S
Y,Fe,S
Y,Ga,S
Y,Gd,S
Y,Ge,S
Y,Hf,S
Y,Hg,S
Y,Ho,S
Y,In,S
Y,Ir,S
Y,La,S
Y,Lu,S
Y,Mg,S
Y,Mn,S
Y,Mo,S
Y,Nb,S
Y,Nd,S
Y,Ni,S
Y,Os,S
Y,P,S
Y,Pb,S
Y,Pd,S
Y,Pr,S
Y,Pt,S
Y,Re,S
Y,Rh,S
Y,Ru,S
Y,Sb,S
Y,Sc,S
Y,Se,S
Y,Si,S
Y,Sm,S
Y,Sn,S
Y,Sr,S
Y,Ta,S
Y,Tb,S
Y,Tc,S
Y,Te,S
Y,Ti,S
Y,Tl,S
Y,Tm,S
Y,V,S
Y,W,S
Y,Y,S
Y,Yb,S
Y,Zn,S
Y,Zr,S
Yb,Ag,S
Yb,Al,S
Yb,As,S
Yb,Au,S
Yb,B,S
Yb,Ba,S
Yb,Be,S
Yb,Bi,S
Yb,C,S
Yb,Ca,S
Yb,Cd,S
Yb,Ce,S
Yb,Co,S
Yb,Cr,S
Yb,Cu,S
Yb,Dy,S
Yb,Er,S
Yb,Eu,S
Yb,Fe,S
Yb,Ga,S
Yb,Gd,S
Yb,Ge,S
Yb,Hf,S
Yb,Hg,S
Yb,Ho,S
Yb,In,S
Yb,Ir,S
Yb,La,S
Yb,Lu,S
Yb,Mg,S
Yb,Mn,S
Yb,Mo,S
Yb,Nb,S
Yb,Nd,S
Yb,Ni,S
Yb,Os,S
Yb,P,S
Yb,Pb,S
Yb,Pd,S
Yb,Pr,S
Yb,Pt,S
Yb,Re,S
Yb,Rh,S
Yb,Ru,S
Yb,Sb,S
Yb,Sc,S
Yb,Se,S
Yb,Si,S
Yb,Sm,S
Yb,Sn,S
Yb,Sr,S
Yb,Ta,S
Yb,Tb,S
Yb,Tc,S
Yb,Te,S
Yb,Ti,S
Yb,Tl,S
Yb,Tm,S
Yb,V,S
Yb,W,S
Yb,Y,S
Yb,Yb,S
Yb,Zn,S
Yb,Zr,S
Zn,Ag,S
Zn,Al,S
Zn,As,S
Zn,Au,S
Zn,B,S
Zn,Ba,S
Zn,Be,S
Zn,Bi,S
Zn,C,S
Zn,Ca,S
Zn,Cd,S
Zn,Ce,S
Zn,Co,S
Zn,Cr,S
Zn,Cu,S
Zn,Dy,S
Zn,Er,S
Zn,Eu,S
Zn,Fe,S
Zn,Ga,S
Zn,Gd,S
Zn,Ge,S
Zn,Hf,S
Zn,Hg,S
Zn,Ho,S
Zn,In,S
Zn,Ir,S
Zn,La,S
Zn,Lu,S
Zn,Mg,S
Zn,Mn,S
Zn,Mo,S
Zn,Nb,S
Zn,Nd,S
Zn,Ni,S
Zn,Os,S
Zn,P,S
Zn,Pb,S
Zn,Pd,S
Zn,Pr,S
Zn,Pt,S
Zn,Re,S
Zn,Rh,S
Zn,Ru,S
Zn,Sb,S
Zn,Sc,S
Zn,Se,S
Zn,Si,S
Zn,Sm,S
Zn,Sn,S
Zn,Sr,S
Zn,Ta,S
Zn,Tb,S
Zn,Tc,S
Zn,Te,S
Zn,Ti,S
Zn,Tl,S
Zn,Tm,S
Zn,V,S
Zn,W,S
Zn,Y,S
Zn,Yb,S
Zn,Zn,S
Zn,Zr,S
Zr,Ag,S
Zr,Al,S
Zr,As,S
Zr,Au,S
Zr,B,S
Zr,Ba,S
Zr,Be,S
Zr,Bi,S
Zr,C,S
Zr,Ca,S
Zr,Cd,S
Zr,Ce,S
Zr,Co,S
Zr,Cr,S
Zr,Cu,S
Zr,Dy,S
Zr,Er,S
Zr,Eu,S
Zr,Fe,S
Zr,Ga,S
Zr,Gd,S
Zr,Ge,S
Zr,Hf,S
Zr,Hg,S
Zr,Ho,S
Zr,In,S
Zr,Ir,S
Zr,La,S
Zr,Lu,S
Zr,Mg,S
Zr,Mn,S
Zr,Mo,S
Zr,Nb,S
Zr,Nd,S
Zr,Ni,S
Zr,Os,S
Zr,P,S
Zr,Pb,S
Zr,Pd,S
Zr,Pr,S
Zr,Pt,S
Zr,Re,S
Zr,Rh,S
Zr,Ru,S
Zr,Sb,S
Zr,Sc,S
Zr,Se,S
Zr,Si,S
Zr,Sm,S
Zr,Sn,S
Zr,Sr,S
Zr,Ta,S
Zr,Tb,S
Zr,Tc,S
Zr,Te,S
Zr,Ti,S
Zr,Tl,S
Zr,Tm,S
Zr,V,S
Zr,W,S
Zr,Y,S
Zr,Yb,S
Zr,Zn,S
Zr,Zr,S
